window_size,entry_threshold,exit_threshold,position_limit,order_size,total_pnl,total_trades
10,1.0,0.3,10,3,7152.0,4084
10,1.0,0.3,10,5,11920.0,4084
10,1.0,0.3,10,7,16688.0,4084
10,1.0,0.3,10,10,23840.0,4084
10,1.0,0.3,15,3,7152.0,4084
10,1.0,0.3,15,5,11920.0,4084
10,1.0,0.3,15,7,16688.0,4084
10,1.0,0.3,15,10,23840.0,4084
10,1.0,0.3,20,3,7152.0,4084
10,1.0,0.3,20,5,11920.0,4084
10,1.0,0.3,20,7,16688.0,4084
10,1.0,0.3,20,10,23840.0,4084
10,1.0,0.3,25,3,7152.0,4084
10,1.0,0.3,25,5,11920.0,4084
10,1.0,0.3,25,7,16688.0,4084
10,1.0,0.3,25,10,23840.0,4084
10,1.0,0.3,30,3,7152.0,4084
10,1.0,0.3,30,5,11920.0,4084
10,1.0,0.3,30,7,16688.0,4084
10,1.0,0.3,30,10,23840.0,4084
10,1.0,0.4,10,3,7423.5,4196
10,1.0,0.4,10,5,12372.5,4196
10,1.0,0.4,10,7,17321.5,4196
10,1.0,0.4,10,10,24745.0,4196
10,1.0,0.4,15,3,7423.5,4196
10,1.0,0.4,15,5,12372.5,4196
10,1.0,0.4,15,7,17321.5,4196
10,1.0,0.4,15,10,24745.0,4196
10,1.0,0.4,20,3,7423.5,4196
10,1.0,0.4,20,5,12372.5,4196
10,1.0,0.4,20,7,17321.5,4196
10,1.0,0.4,20,10,24745.0,4196
10,1.0,0.4,25,3,7423.5,4196
10,1.0,0.4,25,5,12372.5,4196
10,1.0,0.4,25,7,17321.5,4196
10,1.0,0.4,25,10,24745.0,4196
10,1.0,0.4,30,3,7423.5,4196
10,1.0,0.4,30,5,12372.5,4196
10,1.0,0.4,30,7,17321.5,4196
10,1.0,0.4,30,10,24745.0,4196
10,1.0,0.5,10,3,7825.5,4354
10,1.0,0.5,10,5,13042.5,4354
10,1.0,0.5,10,7,18259.5,4354
10,1.0,0.5,10,10,26085.0,4354
10,1.0,0.5,15,3,7825.5,4354
10,1.0,0.5,15,5,13042.5,4354
10,1.0,0.5,15,7,18259.5,4354
10,1.0,0.5,15,10,26085.0,4354
10,1.0,0.5,20,3,7825.5,4354
10,1.0,0.5,20,5,13042.5,4354
10,1.0,0.5,20,7,18259.5,4354
10,1.0,0.5,20,10,26085.0,4354
10,1.0,0.5,25,3,7825.5,4354
10,1.0,0.5,25,5,13042.5,4354
10,1.0,0.5,25,7,18259.5,4354
10,1.0,0.5,25,10,26085.0,4354
10,1.0,0.5,30,3,7825.5,4354
10,1.0,0.5,30,5,13042.5,4354
10,1.0,0.5,30,7,18259.5,4354
10,1.0,0.5,30,10,26085.0,4354
10,1.0,0.6,10,3,7930.5,4456
10,1.0,0.6,10,5,13217.5,4456
10,1.0,0.6,10,7,18504.5,4456
10,1.0,0.6,10,10,26435.0,4456
10,1.0,0.6,15,3,7930.5,4456
10,1.0,0.6,15,5,13217.5,4456
10,1.0,0.6,15,7,18504.5,4456
10,1.0,0.6,15,10,26435.0,4456
10,1.0,0.6,20,3,7930.5,4456
10,1.0,0.6,20,5,13217.5,4456
10,1.0,0.6,20,7,18504.5,4456
10,1.0,0.6,20,10,26435.0,4456
10,1.0,0.6,25,3,7930.5,4456
10,1.0,0.6,25,5,13217.5,4456
10,1.0,0.6,25,7,18504.5,4456
10,1.0,0.6,25,10,26435.0,4456
10,1.0,0.6,30,3,7930.5,4456
10,1.0,0.6,30,5,13217.5,4456
10,1.0,0.6,30,7,18504.5,4456
10,1.0,0.6,30,10,26435.0,4456
10,1.0,0.7,10,3,8014.5,4502
10,1.0,0.7,10,5,13357.5,4502
10,1.0,0.7,10,7,18700.5,4502
10,1.0,0.7,10,10,26715.0,4502
10,1.0,0.7,15,3,8014.5,4502
10,1.0,0.7,15,5,13357.5,4502
10,1.0,0.7,15,7,18700.5,4502
10,1.0,0.7,15,10,26715.0,4502
10,1.0,0.7,20,3,8014.5,4502
10,1.0,0.7,20,5,13357.5,4502
10,1.0,0.7,20,7,18700.5,4502
10,1.0,0.7,20,10,26715.0,4502
10,1.0,0.7,25,3,8014.5,4502
10,1.0,0.7,25,5,13357.5,4502
10,1.0,0.7,25,7,18700.5,4502
10,1.0,0.7,25,10,26715.0,4502
10,1.0,0.7,30,3,8014.5,4502
10,1.0,0.7,30,5,13357.5,4502
10,1.0,0.7,30,7,18700.5,4502
10,1.0,0.7,30,10,26715.0,4502
10,1.5,0.3,10,3,2052.0,916
10,1.5,0.3,10,5,3420.0,916
10,1.5,0.3,10,7,4788.0,916
10,1.5,0.3,10,10,6840.0,916
10,1.5,0.3,15,3,2052.0,916
10,1.5,0.3,15,5,3420.0,916
10,1.5,0.3,15,7,4788.0,916
10,1.5,0.3,15,10,6840.0,916
10,1.5,0.3,20,3,2052.0,916
10,1.5,0.3,20,5,3420.0,916
10,1.5,0.3,20,7,4788.0,916
10,1.5,0.3,20,10,6840.0,916
10,1.5,0.3,25,3,2052.0,916
10,1.5,0.3,25,5,3420.0,916
10,1.5,0.3,25,7,4788.0,916
10,1.5,0.3,25,10,6840.0,916
10,1.5,0.3,30,3,2052.0,916
10,1.5,0.3,30,5,3420.0,916
10,1.5,0.3,30,7,4788.0,916
10,1.5,0.3,30,10,6840.0,916
10,1.5,0.4,10,3,2091.0,924
10,1.5,0.4,10,5,3485.0,924
10,1.5,0.4,10,7,4879.0,924
10,1.5,0.4,10,10,6970.0,924
10,1.5,0.4,15,3,2091.0,924
10,1.5,0.4,15,5,3485.0,924
10,1.5,0.4,15,7,4879.0,924
10,1.5,0.4,15,10,6970.0,924
10,1.5,0.4,20,3,2091.0,924
10,1.5,0.4,20,5,3485.0,924
10,1.5,0.4,20,7,4879.0,924
10,1.5,0.4,20,10,6970.0,924
10,1.5,0.4,25,3,2091.0,924
10,1.5,0.4,25,5,3485.0,924
10,1.5,0.4,25,7,4879.0,924
10,1.5,0.4,25,10,6970.0,924
10,1.5,0.4,30,3,2091.0,924
10,1.5,0.4,30,5,3485.0,924
10,1.5,0.4,30,7,4879.0,924
10,1.5,0.4,30,10,6970.0,924
10,1.5,0.5,10,3,2158.5,940
10,1.5,0.5,10,5,3597.5,940
10,1.5,0.5,10,7,5036.5,940
10,1.5,0.5,10,10,7195.0,940
10,1.5,0.5,15,3,2158.5,940
10,1.5,0.5,15,5,3597.5,940
10,1.5,0.5,15,7,5036.5,940
10,1.5,0.5,15,10,7195.0,940
10,1.5,0.5,20,3,2158.5,940
10,1.5,0.5,20,5,3597.5,940
10,1.5,0.5,20,7,5036.5,940
10,1.5,0.5,20,10,7195.0,940
10,1.5,0.5,25,3,2158.5,940
10,1.5,0.5,25,5,3597.5,940
10,1.5,0.5,25,7,5036.5,940
10,1.5,0.5,25,10,7195.0,940
10,1.5,0.5,30,3,2158.5,940
10,1.5,0.5,30,5,3597.5,940
10,1.5,0.5,30,7,5036.5,940
10,1.5,0.5,30,10,7195.0,940
10,1.5,0.6,10,3,2131.5,948
10,1.5,0.6,10,5,3552.5,948
10,1.5,0.6,10,7,4973.5,948
10,1.5,0.6,10,10,7105.0,948
10,1.5,0.6,15,3,2131.5,948
10,1.5,0.6,15,5,3552.5,948
10,1.5,0.6,15,7,4973.5,948
10,1.5,0.6,15,10,7105.0,948
10,1.5,0.6,20,3,2131.5,948
10,1.5,0.6,20,5,3552.5,948
10,1.5,0.6,20,7,4973.5,948
10,1.5,0.6,20,10,7105.0,948
10,1.5,0.6,25,3,2131.5,948
10,1.5,0.6,25,5,3552.5,948
10,1.5,0.6,25,7,4973.5,948
10,1.5,0.6,25,10,7105.0,948
10,1.5,0.6,30,3,2131.5,948
10,1.5,0.6,30,5,3552.5,948
10,1.5,0.6,30,7,4973.5,948
10,1.5,0.6,30,10,7105.0,948
10,1.5,0.7,10,3,2152.5,952
10,1.5,0.7,10,5,3587.5,952
10,1.5,0.7,10,7,5022.5,952
10,1.5,0.7,10,10,7175.0,952
10,1.5,0.7,15,3,2152.5,952
10,1.5,0.7,15,5,3587.5,952
10,1.5,0.7,15,7,5022.5,952
10,1.5,0.7,15,10,7175.0,952
10,1.5,0.7,20,3,2152.5,952
10,1.5,0.7,20,5,3587.5,952
10,1.5,0.7,20,7,5022.5,952
10,1.5,0.7,20,10,7175.0,952
10,1.5,0.7,25,3,2152.5,952
10,1.5,0.7,25,5,3587.5,952
10,1.5,0.7,25,7,5022.5,952
10,1.5,0.7,25,10,7175.0,952
10,1.5,0.7,30,3,2152.5,952
10,1.5,0.7,30,5,3587.5,952
10,1.5,0.7,30,7,5022.5,952
10,1.5,0.7,30,10,7175.0,952
10,2.0,0.3,10,3,151.5,62
10,2.0,0.3,10,5,252.5,62
10,2.0,0.3,10,7,353.5,62
10,2.0,0.3,10,10,505.0,62
10,2.0,0.3,15,3,151.5,62
10,2.0,0.3,15,5,252.5,62
10,2.0,0.3,15,7,353.5,62
10,2.0,0.3,15,10,505.0,62
10,2.0,0.3,20,3,151.5,62
10,2.0,0.3,20,5,252.5,62
10,2.0,0.3,20,7,353.5,62
10,2.0,0.3,20,10,505.0,62
10,2.0,0.3,25,3,151.5,62
10,2.0,0.3,25,5,252.5,62
10,2.0,0.3,25,7,353.5,62
10,2.0,0.3,25,10,505.0,62
10,2.0,0.3,30,3,151.5,62
10,2.0,0.3,30,5,252.5,62
10,2.0,0.3,30,7,353.5,62
10,2.0,0.3,30,10,505.0,62
10,2.0,0.4,10,3,154.5,62
10,2.0,0.4,10,5,257.5,62
10,2.0,0.4,10,7,360.5,62
10,2.0,0.4,10,10,515.0,62
10,2.0,0.4,15,3,154.5,62
10,2.0,0.4,15,5,257.5,62
10,2.0,0.4,15,7,360.5,62
10,2.0,0.4,15,10,515.0,62
10,2.0,0.4,20,3,154.5,62
10,2.0,0.4,20,5,257.5,62
10,2.0,0.4,20,7,360.5,62
10,2.0,0.4,20,10,515.0,62
10,2.0,0.4,25,3,154.5,62
10,2.0,0.4,25,5,257.5,62
10,2.0,0.4,25,7,360.5,62
10,2.0,0.4,25,10,515.0,62
10,2.0,0.4,30,3,154.5,62
10,2.0,0.4,30,5,257.5,62
10,2.0,0.4,30,7,360.5,62
10,2.0,0.4,30,10,515.0,62
10,2.0,0.5,10,3,177.0,66
10,2.0,0.5,10,5,295.0,66
10,2.0,0.5,10,7,413.0,66
10,2.0,0.5,10,10,590.0,66
10,2.0,0.5,15,3,177.0,66
10,2.0,0.5,15,5,295.0,66
10,2.0,0.5,15,7,413.0,66
10,2.0,0.5,15,10,590.0,66
10,2.0,0.5,20,3,177.0,66
10,2.0,0.5,20,5,295.0,66
10,2.0,0.5,20,7,413.0,66
10,2.0,0.5,20,10,590.0,66
10,2.0,0.5,25,3,177.0,66
10,2.0,0.5,25,5,295.0,66
10,2.0,0.5,25,7,413.0,66
10,2.0,0.5,25,10,590.0,66
10,2.0,0.5,30,3,177.0,66
10,2.0,0.5,30,5,295.0,66
10,2.0,0.5,30,7,413.0,66
10,2.0,0.5,30,10,590.0,66
10,2.0,0.6,10,3,180.0,68
10,2.0,0.6,10,5,300.0,68
10,2.0,0.6,10,7,420.0,68
10,2.0,0.6,10,10,600.0,68
10,2.0,0.6,15,3,180.0,68
10,2.0,0.6,15,5,300.0,68
10,2.0,0.6,15,7,420.0,68
10,2.0,0.6,15,10,600.0,68
10,2.0,0.6,20,3,180.0,68
10,2.0,0.6,20,5,300.0,68
10,2.0,0.6,20,7,420.0,68
10,2.0,0.6,20,10,600.0,68
10,2.0,0.6,25,3,180.0,68
10,2.0,0.6,25,5,300.0,68
10,2.0,0.6,25,7,420.0,68
10,2.0,0.6,25,10,600.0,68
10,2.0,0.6,30,3,180.0,68
10,2.0,0.6,30,5,300.0,68
10,2.0,0.6,30,7,420.0,68
10,2.0,0.6,30,10,600.0,68
10,2.0,0.7,10,3,180.0,68
10,2.0,0.7,10,5,300.0,68
10,2.0,0.7,10,7,420.0,68
10,2.0,0.7,10,10,600.0,68
10,2.0,0.7,15,3,180.0,68
10,2.0,0.7,15,5,300.0,68
10,2.0,0.7,15,7,420.0,68
10,2.0,0.7,15,10,600.0,68
10,2.0,0.7,20,3,180.0,68
10,2.0,0.7,20,5,300.0,68
10,2.0,0.7,20,7,420.0,68
10,2.0,0.7,20,10,600.0,68
10,2.0,0.7,25,3,180.0,68
10,2.0,0.7,25,5,300.0,68
10,2.0,0.7,25,7,420.0,68
10,2.0,0.7,25,10,600.0,68
10,2.0,0.7,30,3,180.0,68
10,2.0,0.7,30,5,300.0,68
10,2.0,0.7,30,7,420.0,68
10,2.0,0.7,30,10,600.0,68
10,2.5,0.3,10,3,45.0,16
10,2.5,0.3,10,5,75.0,16
10,2.5,0.3,10,7,105.0,16
10,2.5,0.3,10,10,150.0,16
10,2.5,0.3,15,3,45.0,16
10,2.5,0.3,15,5,75.0,16
10,2.5,0.3,15,7,105.0,16
10,2.5,0.3,15,10,150.0,16
10,2.5,0.3,20,3,45.0,16
10,2.5,0.3,20,5,75.0,16
10,2.5,0.3,20,7,105.0,16
10,2.5,0.3,20,10,150.0,16
10,2.5,0.3,25,3,45.0,16
10,2.5,0.3,25,5,75.0,16
10,2.5,0.3,25,7,105.0,16
10,2.5,0.3,25,10,150.0,16
10,2.5,0.3,30,3,45.0,16
10,2.5,0.3,30,5,75.0,16
10,2.5,0.3,30,7,105.0,16
10,2.5,0.3,30,10,150.0,16
10,2.5,0.4,10,3,45.0,16
10,2.5,0.4,10,5,75.0,16
10,2.5,0.4,10,7,105.0,16
10,2.5,0.4,10,10,150.0,16
10,2.5,0.4,15,3,45.0,16
10,2.5,0.4,15,5,75.0,16
10,2.5,0.4,15,7,105.0,16
10,2.5,0.4,15,10,150.0,16
10,2.5,0.4,20,3,45.0,16
10,2.5,0.4,20,5,75.0,16
10,2.5,0.4,20,7,105.0,16
10,2.5,0.4,20,10,150.0,16
10,2.5,0.4,25,3,45.0,16
10,2.5,0.4,25,5,75.0,16
10,2.5,0.4,25,7,105.0,16
10,2.5,0.4,25,10,150.0,16
10,2.5,0.4,30,3,45.0,16
10,2.5,0.4,30,5,75.0,16
10,2.5,0.4,30,7,105.0,16
10,2.5,0.4,30,10,150.0,16
10,2.5,0.5,10,3,52.5,16
10,2.5,0.5,10,5,87.5,16
10,2.5,0.5,10,7,122.5,16
10,2.5,0.5,10,10,175.0,16
10,2.5,0.5,15,3,52.5,16
10,2.5,0.5,15,5,87.5,16
10,2.5,0.5,15,7,122.5,16
10,2.5,0.5,15,10,175.0,16
10,2.5,0.5,20,3,52.5,16
10,2.5,0.5,20,5,87.5,16
10,2.5,0.5,20,7,122.5,16
10,2.5,0.5,20,10,175.0,16
10,2.5,0.5,25,3,52.5,16
10,2.5,0.5,25,5,87.5,16
10,2.5,0.5,25,7,122.5,16
10,2.5,0.5,25,10,175.0,16
10,2.5,0.5,30,3,52.5,16
10,2.5,0.5,30,5,87.5,16
10,2.5,0.5,30,7,122.5,16
10,2.5,0.5,30,10,175.0,16
10,2.5,0.6,10,3,52.5,16
10,2.5,0.6,10,5,87.5,16
10,2.5,0.6,10,7,122.5,16
10,2.5,0.6,10,10,175.0,16
10,2.5,0.6,15,3,52.5,16
10,2.5,0.6,15,5,87.5,16
10,2.5,0.6,15,7,122.5,16
10,2.5,0.6,15,10,175.0,16
10,2.5,0.6,20,3,52.5,16
10,2.5,0.6,20,5,87.5,16
10,2.5,0.6,20,7,122.5,16
10,2.5,0.6,20,10,175.0,16
10,2.5,0.6,25,3,52.5,16
10,2.5,0.6,25,5,87.5,16
10,2.5,0.6,25,7,122.5,16
10,2.5,0.6,25,10,175.0,16
10,2.5,0.6,30,3,52.5,16
10,2.5,0.6,30,5,87.5,16
10,2.5,0.6,30,7,122.5,16
10,2.5,0.6,30,10,175.0,16
10,2.5,0.7,10,3,52.5,16
10,2.5,0.7,10,5,87.5,16
10,2.5,0.7,10,7,122.5,16
10,2.5,0.7,10,10,175.0,16
10,2.5,0.7,15,3,52.5,16
10,2.5,0.7,15,5,87.5,16
10,2.5,0.7,15,7,122.5,16
10,2.5,0.7,15,10,175.0,16
10,2.5,0.7,20,3,52.5,16
10,2.5,0.7,20,5,87.5,16
10,2.5,0.7,20,7,122.5,16
10,2.5,0.7,20,10,175.0,16
10,2.5,0.7,25,3,52.5,16
10,2.5,0.7,25,5,87.5,16
10,2.5,0.7,25,7,122.5,16
10,2.5,0.7,25,10,175.0,16
10,2.5,0.7,30,3,52.5,16
10,2.5,0.7,30,5,87.5,16
10,2.5,0.7,30,7,122.5,16
10,2.5,0.7,30,10,175.0,16
10,3.0,0.3,10,3,19.5,2
10,3.0,0.3,10,5,32.5,2
10,3.0,0.3,10,7,45.5,2
10,3.0,0.3,10,10,65.0,2
10,3.0,0.3,15,3,19.5,2
10,3.0,0.3,15,5,32.5,2
10,3.0,0.3,15,7,45.5,2
10,3.0,0.3,15,10,65.0,2
10,3.0,0.3,20,3,19.5,2
10,3.0,0.3,20,5,32.5,2
10,3.0,0.3,20,7,45.5,2
10,3.0,0.3,20,10,65.0,2
10,3.0,0.3,25,3,19.5,2
10,3.0,0.3,25,5,32.5,2
10,3.0,0.3,25,7,45.5,2
10,3.0,0.3,25,10,65.0,2
10,3.0,0.3,30,3,19.5,2
10,3.0,0.3,30,5,32.5,2
10,3.0,0.3,30,7,45.5,2
10,3.0,0.3,30,10,65.0,2
10,3.0,0.4,10,3,19.5,2
10,3.0,0.4,10,5,32.5,2
10,3.0,0.4,10,7,45.5,2
10,3.0,0.4,10,10,65.0,2
10,3.0,0.4,15,3,19.5,2
10,3.0,0.4,15,5,32.5,2
10,3.0,0.4,15,7,45.5,2
10,3.0,0.4,15,10,65.0,2
10,3.0,0.4,20,3,19.5,2
10,3.0,0.4,20,5,32.5,2
10,3.0,0.4,20,7,45.5,2
10,3.0,0.4,20,10,65.0,2
10,3.0,0.4,25,3,19.5,2
10,3.0,0.4,25,5,32.5,2
10,3.0,0.4,25,7,45.5,2
10,3.0,0.4,25,10,65.0,2
10,3.0,0.4,30,3,19.5,2
10,3.0,0.4,30,5,32.5,2
10,3.0,0.4,30,7,45.5,2
10,3.0,0.4,30,10,65.0,2
10,3.0,0.5,10,3,19.5,2
10,3.0,0.5,10,5,32.5,2
10,3.0,0.5,10,7,45.5,2
10,3.0,0.5,10,10,65.0,2
10,3.0,0.5,15,3,19.5,2
10,3.0,0.5,15,5,32.5,2
10,3.0,0.5,15,7,45.5,2
10,3.0,0.5,15,10,65.0,2
10,3.0,0.5,20,3,19.5,2
10,3.0,0.5,20,5,32.5,2
10,3.0,0.5,20,7,45.5,2
10,3.0,0.5,20,10,65.0,2
10,3.0,0.5,25,3,19.5,2
10,3.0,0.5,25,5,32.5,2
10,3.0,0.5,25,7,45.5,2
10,3.0,0.5,25,10,65.0,2
10,3.0,0.5,30,3,19.5,2
10,3.0,0.5,30,5,32.5,2
10,3.0,0.5,30,7,45.5,2
10,3.0,0.5,30,10,65.0,2
10,3.0,0.6,10,3,19.5,2
10,3.0,0.6,10,5,32.5,2
10,3.0,0.6,10,7,45.5,2
10,3.0,0.6,10,10,65.0,2
10,3.0,0.6,15,3,19.5,2
10,3.0,0.6,15,5,32.5,2
10,3.0,0.6,15,7,45.5,2
10,3.0,0.6,15,10,65.0,2
10,3.0,0.6,20,3,19.5,2
10,3.0,0.6,20,5,32.5,2
10,3.0,0.6,20,7,45.5,2
10,3.0,0.6,20,10,65.0,2
10,3.0,0.6,25,3,19.5,2
10,3.0,0.6,25,5,32.5,2
10,3.0,0.6,25,7,45.5,2
10,3.0,0.6,25,10,65.0,2
10,3.0,0.6,30,3,19.5,2
10,3.0,0.6,30,5,32.5,2
10,3.0,0.6,30,7,45.5,2
10,3.0,0.6,30,10,65.0,2
10,3.0,0.7,10,3,19.5,2
10,3.0,0.7,10,5,32.5,2
10,3.0,0.7,10,7,45.5,2
10,3.0,0.7,10,10,65.0,2
10,3.0,0.7,15,3,19.5,2
10,3.0,0.7,15,5,32.5,2
10,3.0,0.7,15,7,45.5,2
10,3.0,0.7,15,10,65.0,2
10,3.0,0.7,20,3,19.5,2
10,3.0,0.7,20,5,32.5,2
10,3.0,0.7,20,7,45.5,2
10,3.0,0.7,20,10,65.0,2
10,3.0,0.7,25,3,19.5,2
10,3.0,0.7,25,5,32.5,2
10,3.0,0.7,25,7,45.5,2
10,3.0,0.7,25,10,65.0,2
10,3.0,0.7,30,3,19.5,2
10,3.0,0.7,30,5,32.5,2
10,3.0,0.7,30,7,45.5,2
10,3.0,0.7,30,10,65.0,2
20,1.0,0.3,10,3,8226.0,4683
20,1.0,0.3,10,5,13710.0,4683
20,1.0,0.3,10,7,19194.0,4683
20,1.0,0.3,10,10,27420.0,4683
20,1.0,0.3,15,3,8226.0,4683
20,1.0,0.3,15,5,13710.0,4683
20,1.0,0.3,15,7,19194.0,4683
20,1.0,0.3,15,10,27420.0,4683
20,1.0,0.3,20,3,8226.0,4683
20,1.0,0.3,20,5,13710.0,4683
20,1.0,0.3,20,7,19194.0,4683
20,1.0,0.3,20,10,27420.0,4683
20,1.0,0.3,25,3,8226.0,4683
20,1.0,0.3,25,5,13710.0,4683
20,1.0,0.3,25,7,19194.0,4683
20,1.0,0.3,25,10,27420.0,4683
20,1.0,0.3,30,3,8226.0,4683
20,1.0,0.3,30,5,13710.0,4683
20,1.0,0.3,30,7,19194.0,4683
20,1.0,0.3,30,10,27420.0,4683
20,1.0,0.4,10,3,8823.0,4969
20,1.0,0.4,10,5,14705.0,4969
20,1.0,0.4,10,7,20587.0,4969
20,1.0,0.4,10,10,29410.0,4969
20,1.0,0.4,15,3,8823.0,4969
20,1.0,0.4,15,5,14705.0,4969
20,1.0,0.4,15,7,20587.0,4969
20,1.0,0.4,15,10,29410.0,4969
20,1.0,0.4,20,3,8823.0,4969
20,1.0,0.4,20,5,14705.0,4969
20,1.0,0.4,20,7,20587.0,4969
20,1.0,0.4,20,10,29410.0,4969
20,1.0,0.4,25,3,8823.0,4969
20,1.0,0.4,25,5,14705.0,4969
20,1.0,0.4,25,7,20587.0,4969
20,1.0,0.4,25,10,29410.0,4969
20,1.0,0.4,30,3,8823.0,4969
20,1.0,0.4,30,5,14705.0,4969
20,1.0,0.4,30,7,20587.0,4969
20,1.0,0.4,30,10,29410.0,4969
20,1.0,0.5,10,3,9412.5,5275
20,1.0,0.5,10,5,15687.5,5275
20,1.0,0.5,10,7,21962.5,5275
20,1.0,0.5,10,10,31375.0,5275
20,1.0,0.5,15,3,9412.5,5275
20,1.0,0.5,15,5,15687.5,5275
20,1.0,0.5,15,7,21962.5,5275
20,1.0,0.5,15,10,31375.0,5275
20,1.0,0.5,20,3,9412.5,5275
20,1.0,0.5,20,5,15687.5,5275
20,1.0,0.5,20,7,21962.5,5275
20,1.0,0.5,20,10,31375.0,5275
20,1.0,0.5,25,3,9412.5,5275
20,1.0,0.5,25,5,15687.5,5275
20,1.0,0.5,25,7,21962.5,5275
20,1.0,0.5,25,10,31375.0,5275
20,1.0,0.5,30,3,9412.5,5275
20,1.0,0.5,30,5,15687.5,5275
20,1.0,0.5,30,7,21962.5,5275
20,1.0,0.5,30,10,31375.0,5275
20,1.0,0.6,10,3,9583.5,5503
20,1.0,0.6,10,5,15972.5,5503
20,1.0,0.6,10,7,22361.5,5503
20,1.0,0.6,10,10,31945.0,5503
20,1.0,0.6,15,3,9583.5,5503
20,1.0,0.6,15,5,15972.5,5503
20,1.0,0.6,15,7,22361.5,5503
20,1.0,0.6,15,10,31945.0,5503
20,1.0,0.6,20,3,9583.5,5503
20,1.0,0.6,20,5,15972.5,5503
20,1.0,0.6,20,7,22361.5,5503
20,1.0,0.6,20,10,31945.0,5503
20,1.0,0.6,25,3,9583.5,5503
20,1.0,0.6,25,5,15972.5,5503
20,1.0,0.6,25,7,22361.5,5503
20,1.0,0.6,25,10,31945.0,5503
20,1.0,0.6,30,3,9583.5,5503
20,1.0,0.6,30,5,15972.5,5503
20,1.0,0.6,30,7,22361.5,5503
20,1.0,0.6,30,10,31945.0,5503
20,1.0,0.7,10,3,9661.5,5637
20,1.0,0.7,10,5,16102.5,5637
20,1.0,0.7,10,7,22543.5,5637
20,1.0,0.7,10,10,32205.0,5637
20,1.0,0.7,15,3,9661.5,5637
20,1.0,0.7,15,5,16102.5,5637
20,1.0,0.7,15,7,22543.5,5637
20,1.0,0.7,15,10,32205.0,5637
20,1.0,0.7,20,3,9661.5,5637
20,1.0,0.7,20,5,16102.5,5637
20,1.0,0.7,20,7,22543.5,5637
20,1.0,0.7,20,10,32205.0,5637
20,1.0,0.7,25,3,9661.5,5637
20,1.0,0.7,25,5,16102.5,5637
20,1.0,0.7,25,7,22543.5,5637
20,1.0,0.7,25,10,32205.0,5637
20,1.0,0.7,30,3,9661.5,5637
20,1.0,0.7,30,5,16102.5,5637
20,1.0,0.7,30,7,22543.5,5637
20,1.0,0.7,30,10,32205.0,5637
20,1.5,0.3,10,3,3184.5,1409
20,1.5,0.3,10,5,5307.5,1409
20,1.5,0.3,10,7,7430.5,1409
20,1.5,0.3,10,10,10615.0,1409
20,1.5,0.3,15,3,3184.5,1409
20,1.5,0.3,15,5,5307.5,1409
20,1.5,0.3,15,7,7430.5,1409
20,1.5,0.3,15,10,10615.0,1409
20,1.5,0.3,20,3,3184.5,1409
20,1.5,0.3,20,5,5307.5,1409
20,1.5,0.3,20,7,7430.5,1409
20,1.5,0.3,20,10,10615.0,1409
20,1.5,0.3,25,3,3184.5,1409
20,1.5,0.3,25,5,5307.5,1409
20,1.5,0.3,25,7,7430.5,1409
20,1.5,0.3,25,10,10615.0,1409
20,1.5,0.3,30,3,3184.5,1409
20,1.5,0.3,30,5,5307.5,1409
20,1.5,0.3,30,7,7430.5,1409
20,1.5,0.3,30,10,10615.0,1409
20,1.5,0.4,10,3,3306.0,1449
20,1.5,0.4,10,5,5510.0,1449
20,1.5,0.4,10,7,7714.0,1449
20,1.5,0.4,10,10,11020.0,1449
20,1.5,0.4,15,3,3306.0,1449
20,1.5,0.4,15,5,5510.0,1449
20,1.5,0.4,15,7,7714.0,1449
20,1.5,0.4,15,10,11020.0,1449
20,1.5,0.4,20,3,3306.0,1449
20,1.5,0.4,20,5,5510.0,1449
20,1.5,0.4,20,7,7714.0,1449
20,1.5,0.4,20,10,11020.0,1449
20,1.5,0.4,25,3,3306.0,1449
20,1.5,0.4,25,5,5510.0,1449
20,1.5,0.4,25,7,7714.0,1449
20,1.5,0.4,25,10,11020.0,1449
20,1.5,0.4,30,3,3306.0,1449
20,1.5,0.4,30,5,5510.0,1449
20,1.5,0.4,30,7,7714.0,1449
20,1.5,0.4,30,10,11020.0,1449
20,1.5,0.5,10,3,3385.5,1483
20,1.5,0.5,10,5,5642.5,1483
20,1.5,0.5,10,7,7899.5,1483
20,1.5,0.5,10,10,11285.0,1483
20,1.5,0.5,15,3,3385.5,1483
20,1.5,0.5,15,5,5642.5,1483
20,1.5,0.5,15,7,7899.5,1483
20,1.5,0.5,15,10,11285.0,1483
20,1.5,0.5,20,3,3385.5,1483
20,1.5,0.5,20,5,5642.5,1483
20,1.5,0.5,20,7,7899.5,1483
20,1.5,0.5,20,10,11285.0,1483
20,1.5,0.5,25,3,3385.5,1483
20,1.5,0.5,25,5,5642.5,1483
20,1.5,0.5,25,7,7899.5,1483
20,1.5,0.5,25,10,11285.0,1483
20,1.5,0.5,30,3,3385.5,1483
20,1.5,0.5,30,5,5642.5,1483
20,1.5,0.5,30,7,7899.5,1483
20,1.5,0.5,30,10,11285.0,1483
20,1.5,0.6,10,3,3388.5,1525
20,1.5,0.6,10,5,5647.5,1525
20,1.5,0.6,10,7,7906.5,1525
20,1.5,0.6,10,10,11295.0,1525
20,1.5,0.6,15,3,3388.5,1525
20,1.5,0.6,15,5,5647.5,1525
20,1.5,0.6,15,7,7906.5,1525
20,1.5,0.6,15,10,11295.0,1525
20,1.5,0.6,20,3,3388.5,1525
20,1.5,0.6,20,5,5647.5,1525
20,1.5,0.6,20,7,7906.5,1525
20,1.5,0.6,20,10,11295.0,1525
20,1.5,0.6,25,3,3388.5,1525
20,1.5,0.6,25,5,5647.5,1525
20,1.5,0.6,25,7,7906.5,1525
20,1.5,0.6,25,10,11295.0,1525
20,1.5,0.6,30,3,3388.5,1525
20,1.5,0.6,30,5,5647.5,1525
20,1.5,0.6,30,7,7906.5,1525
20,1.5,0.6,30,10,11295.0,1525
20,1.5,0.7,10,3,3418.5,1549
20,1.5,0.7,10,5,5697.5,1549
20,1.5,0.7,10,7,7976.5,1549
20,1.5,0.7,10,10,11395.0,1549
20,1.5,0.7,15,3,3418.5,1549
20,1.5,0.7,15,5,5697.5,1549
20,1.5,0.7,15,7,7976.5,1549
20,1.5,0.7,15,10,11395.0,1549
20,1.5,0.7,20,3,3418.5,1549
20,1.5,0.7,20,5,5697.5,1549
20,1.5,0.7,20,7,7976.5,1549
20,1.5,0.7,20,10,11395.0,1549
20,1.5,0.7,25,3,3418.5,1549
20,1.5,0.7,25,5,5697.5,1549
20,1.5,0.7,25,7,7976.5,1549
20,1.5,0.7,25,10,11395.0,1549
20,1.5,0.7,30,3,3418.5,1549
20,1.5,0.7,30,5,5697.5,1549
20,1.5,0.7,30,7,7976.5,1549
20,1.5,0.7,30,10,11395.0,1549
20,2.0,0.3,10,3,532.5,217
20,2.0,0.3,10,5,887.5,217
20,2.0,0.3,10,7,1242.5,217
20,2.0,0.3,10,10,1775.0,217
20,2.0,0.3,15,3,532.5,217
20,2.0,0.3,15,5,887.5,217
20,2.0,0.3,15,7,1242.5,217
20,2.0,0.3,15,10,1775.0,217
20,2.0,0.3,20,3,532.5,217
20,2.0,0.3,20,5,887.5,217
20,2.0,0.3,20,7,1242.5,217
20,2.0,0.3,20,10,1775.0,217
20,2.0,0.3,25,3,532.5,217
20,2.0,0.3,25,5,887.5,217
20,2.0,0.3,25,7,1242.5,217
20,2.0,0.3,25,10,1775.0,217
20,2.0,0.3,30,3,532.5,217
20,2.0,0.3,30,5,887.5,217
20,2.0,0.3,30,7,1242.5,217
20,2.0,0.3,30,10,1775.0,217
20,2.0,0.4,10,3,543.0,221
20,2.0,0.4,10,5,905.0,221
20,2.0,0.4,10,7,1267.0,221
20,2.0,0.4,10,10,1810.0,221
20,2.0,0.4,15,3,543.0,221
20,2.0,0.4,15,5,905.0,221
20,2.0,0.4,15,7,1267.0,221
20,2.0,0.4,15,10,1810.0,221
20,2.0,0.4,20,3,543.0,221
20,2.0,0.4,20,5,905.0,221
20,2.0,0.4,20,7,1267.0,221
20,2.0,0.4,20,10,1810.0,221
20,2.0,0.4,25,3,543.0,221
20,2.0,0.4,25,5,905.0,221
20,2.0,0.4,25,7,1267.0,221
20,2.0,0.4,25,10,1810.0,221
20,2.0,0.4,30,3,543.0,221
20,2.0,0.4,30,5,905.0,221
20,2.0,0.4,30,7,1267.0,221
20,2.0,0.4,30,10,1810.0,221
20,2.0,0.5,10,3,553.5,223
20,2.0,0.5,10,5,922.5,223
20,2.0,0.5,10,7,1291.5,223
20,2.0,0.5,10,10,1845.0,223
20,2.0,0.5,15,3,553.5,223
20,2.0,0.5,15,5,922.5,223
20,2.0,0.5,15,7,1291.5,223
20,2.0,0.5,15,10,1845.0,223
20,2.0,0.5,20,3,553.5,223
20,2.0,0.5,20,5,922.5,223
20,2.0,0.5,20,7,1291.5,223
20,2.0,0.5,20,10,1845.0,223
20,2.0,0.5,25,3,553.5,223
20,2.0,0.5,25,5,922.5,223
20,2.0,0.5,25,7,1291.5,223
20,2.0,0.5,25,10,1845.0,223
20,2.0,0.5,30,3,553.5,223
20,2.0,0.5,30,5,922.5,223
20,2.0,0.5,30,7,1291.5,223
20,2.0,0.5,30,10,1845.0,223
20,2.0,0.6,10,3,568.5,231
20,2.0,0.6,10,5,947.5,231
20,2.0,0.6,10,7,1326.5,231
20,2.0,0.6,10,10,1895.0,231
20,2.0,0.6,15,3,568.5,231
20,2.0,0.6,15,5,947.5,231
20,2.0,0.6,15,7,1326.5,231
20,2.0,0.6,15,10,1895.0,231
20,2.0,0.6,20,3,568.5,231
20,2.0,0.6,20,5,947.5,231
20,2.0,0.6,20,7,1326.5,231
20,2.0,0.6,20,10,1895.0,231
20,2.0,0.6,25,3,568.5,231
20,2.0,0.6,25,5,947.5,231
20,2.0,0.6,25,7,1326.5,231
20,2.0,0.6,25,10,1895.0,231
20,2.0,0.6,30,3,568.5,231
20,2.0,0.6,30,5,947.5,231
20,2.0,0.6,30,7,1326.5,231
20,2.0,0.6,30,10,1895.0,231
20,2.0,0.7,10,3,568.5,231
20,2.0,0.7,10,5,947.5,231
20,2.0,0.7,10,7,1326.5,231
20,2.0,0.7,10,10,1895.0,231
20,2.0,0.7,15,3,568.5,231
20,2.0,0.7,15,5,947.5,231
20,2.0,0.7,15,7,1326.5,231
20,2.0,0.7,15,10,1895.0,231
20,2.0,0.7,20,3,568.5,231
20,2.0,0.7,20,5,947.5,231
20,2.0,0.7,20,7,1326.5,231
20,2.0,0.7,20,10,1895.0,231
20,2.0,0.7,25,3,568.5,231
20,2.0,0.7,25,5,947.5,231
20,2.0,0.7,25,7,1326.5,231
20,2.0,0.7,25,10,1895.0,231
20,2.0,0.7,30,3,568.5,231
20,2.0,0.7,30,5,947.5,231
20,2.0,0.7,30,7,1326.5,231
20,2.0,0.7,30,10,1895.0,231
20,2.5,0.3,10,3,142.5,49
20,2.5,0.3,10,5,237.5,49
20,2.5,0.3,10,7,332.5,49
20,2.5,0.3,10,10,475.0,49
20,2.5,0.3,15,3,142.5,49
20,2.5,0.3,15,5,237.5,49
20,2.5,0.3,15,7,332.5,49
20,2.5,0.3,15,10,475.0,49
20,2.5,0.3,20,3,142.5,49
20,2.5,0.3,20,5,237.5,49
20,2.5,0.3,20,7,332.5,49
20,2.5,0.3,20,10,475.0,49
20,2.5,0.3,25,3,142.5,49
20,2.5,0.3,25,5,237.5,49
20,2.5,0.3,25,7,332.5,49
20,2.5,0.3,25,10,475.0,49
20,2.5,0.3,30,3,142.5,49
20,2.5,0.3,30,5,237.5,49
20,2.5,0.3,30,7,332.5,49
20,2.5,0.3,30,10,475.0,49
20,2.5,0.4,10,3,144.0,49
20,2.5,0.4,10,5,240.0,49
20,2.5,0.4,10,7,336.0,49
20,2.5,0.4,10,10,480.0,49
20,2.5,0.4,15,3,144.0,49
20,2.5,0.4,15,5,240.0,49
20,2.5,0.4,15,7,336.0,49
20,2.5,0.4,15,10,480.0,49
20,2.5,0.4,20,3,144.0,49
20,2.5,0.4,20,5,240.0,49
20,2.5,0.4,20,7,336.0,49
20,2.5,0.4,20,10,480.0,49
20,2.5,0.4,25,3,144.0,49
20,2.5,0.4,25,5,240.0,49
20,2.5,0.4,25,7,336.0,49
20,2.5,0.4,25,10,480.0,49
20,2.5,0.4,30,3,144.0,49
20,2.5,0.4,30,5,240.0,49
20,2.5,0.4,30,7,336.0,49
20,2.5,0.4,30,10,480.0,49
20,2.5,0.5,10,3,142.5,49
20,2.5,0.5,10,5,237.5,49
20,2.5,0.5,10,7,332.5,49
20,2.5,0.5,10,10,475.0,49
20,2.5,0.5,15,3,142.5,49
20,2.5,0.5,15,5,237.5,49
20,2.5,0.5,15,7,332.5,49
20,2.5,0.5,15,10,475.0,49
20,2.5,0.5,20,3,142.5,49
20,2.5,0.5,20,5,237.5,49
20,2.5,0.5,20,7,332.5,49
20,2.5,0.5,20,10,475.0,49
20,2.5,0.5,25,3,142.5,49
20,2.5,0.5,25,5,237.5,49
20,2.5,0.5,25,7,332.5,49
20,2.5,0.5,25,10,475.0,49
20,2.5,0.5,30,3,142.5,49
20,2.5,0.5,30,5,237.5,49
20,2.5,0.5,30,7,332.5,49
20,2.5,0.5,30,10,475.0,49
20,2.5,0.6,10,3,141.0,49
20,2.5,0.6,10,5,235.0,49
20,2.5,0.6,10,7,329.0,49
20,2.5,0.6,10,10,470.0,49
20,2.5,0.6,15,3,141.0,49
20,2.5,0.6,15,5,235.0,49
20,2.5,0.6,15,7,329.0,49
20,2.5,0.6,15,10,470.0,49
20,2.5,0.6,20,3,141.0,49
20,2.5,0.6,20,5,235.0,49
20,2.5,0.6,20,7,329.0,49
20,2.5,0.6,20,10,470.0,49
20,2.5,0.6,25,3,141.0,49
20,2.5,0.6,25,5,235.0,49
20,2.5,0.6,25,7,329.0,49
20,2.5,0.6,25,10,470.0,49
20,2.5,0.6,30,3,141.0,49
20,2.5,0.6,30,5,235.0,49
20,2.5,0.6,30,7,329.0,49
20,2.5,0.6,30,10,470.0,49
20,2.5,0.7,10,3,139.5,49
20,2.5,0.7,10,5,232.5,49
20,2.5,0.7,10,7,325.5,49
20,2.5,0.7,10,10,465.0,49
20,2.5,0.7,15,3,139.5,49
20,2.5,0.7,15,5,232.5,49
20,2.5,0.7,15,7,325.5,49
20,2.5,0.7,15,10,465.0,49
20,2.5,0.7,20,3,139.5,49
20,2.5,0.7,20,5,232.5,49
20,2.5,0.7,20,7,325.5,49
20,2.5,0.7,20,10,465.0,49
20,2.5,0.7,25,3,139.5,49
20,2.5,0.7,25,5,232.5,49
20,2.5,0.7,25,7,325.5,49
20,2.5,0.7,25,10,465.0,49
20,2.5,0.7,30,3,139.5,49
20,2.5,0.7,30,5,232.5,49
20,2.5,0.7,30,7,325.5,49
20,2.5,0.7,30,10,465.0,49
20,3.0,0.3,10,3,45.0,13
20,3.0,0.3,10,5,75.0,13
20,3.0,0.3,10,7,105.0,13
20,3.0,0.3,10,10,150.0,13
20,3.0,0.3,15,3,45.0,13
20,3.0,0.3,15,5,75.0,13
20,3.0,0.3,15,7,105.0,13
20,3.0,0.3,15,10,150.0,13
20,3.0,0.3,20,3,45.0,13
20,3.0,0.3,20,5,75.0,13
20,3.0,0.3,20,7,105.0,13
20,3.0,0.3,20,10,150.0,13
20,3.0,0.3,25,3,45.0,13
20,3.0,0.3,25,5,75.0,13
20,3.0,0.3,25,7,105.0,13
20,3.0,0.3,25,10,150.0,13
20,3.0,0.3,30,3,45.0,13
20,3.0,0.3,30,5,75.0,13
20,3.0,0.3,30,7,105.0,13
20,3.0,0.3,30,10,150.0,13
20,3.0,0.4,10,3,45.0,13
20,3.0,0.4,10,5,75.0,13
20,3.0,0.4,10,7,105.0,13
20,3.0,0.4,10,10,150.0,13
20,3.0,0.4,15,3,45.0,13
20,3.0,0.4,15,5,75.0,13
20,3.0,0.4,15,7,105.0,13
20,3.0,0.4,15,10,150.0,13
20,3.0,0.4,20,3,45.0,13
20,3.0,0.4,20,5,75.0,13
20,3.0,0.4,20,7,105.0,13
20,3.0,0.4,20,10,150.0,13
20,3.0,0.4,25,3,45.0,13
20,3.0,0.4,25,5,75.0,13
20,3.0,0.4,25,7,105.0,13
20,3.0,0.4,25,10,150.0,13
20,3.0,0.4,30,3,45.0,13
20,3.0,0.4,30,5,75.0,13
20,3.0,0.4,30,7,105.0,13
20,3.0,0.4,30,10,150.0,13
20,3.0,0.5,10,3,45.0,13
20,3.0,0.5,10,5,75.0,13
20,3.0,0.5,10,7,105.0,13
20,3.0,0.5,10,10,150.0,13
20,3.0,0.5,15,3,45.0,13
20,3.0,0.5,15,5,75.0,13
20,3.0,0.5,15,7,105.0,13
20,3.0,0.5,15,10,150.0,13
20,3.0,0.5,20,3,45.0,13
20,3.0,0.5,20,5,75.0,13
20,3.0,0.5,20,7,105.0,13
20,3.0,0.5,20,10,150.0,13
20,3.0,0.5,25,3,45.0,13
20,3.0,0.5,25,5,75.0,13
20,3.0,0.5,25,7,105.0,13
20,3.0,0.5,25,10,150.0,13
20,3.0,0.5,30,3,45.0,13
20,3.0,0.5,30,5,75.0,13
20,3.0,0.5,30,7,105.0,13
20,3.0,0.5,30,10,150.0,13
20,3.0,0.6,10,3,43.5,13
20,3.0,0.6,10,5,72.5,13
20,3.0,0.6,10,7,101.5,13
20,3.0,0.6,10,10,145.0,13
20,3.0,0.6,15,3,43.5,13
20,3.0,0.6,15,5,72.5,13
20,3.0,0.6,15,7,101.5,13
20,3.0,0.6,15,10,145.0,13
20,3.0,0.6,20,3,43.5,13
20,3.0,0.6,20,5,72.5,13
20,3.0,0.6,20,7,101.5,13
20,3.0,0.6,20,10,145.0,13
20,3.0,0.6,25,3,43.5,13
20,3.0,0.6,25,5,72.5,13
20,3.0,0.6,25,7,101.5,13
20,3.0,0.6,25,10,145.0,13
20,3.0,0.6,30,3,43.5,13
20,3.0,0.6,30,5,72.5,13
20,3.0,0.6,30,7,101.5,13
20,3.0,0.6,30,10,145.0,13
20,3.0,0.7,10,3,43.5,13
20,3.0,0.7,10,5,72.5,13
20,3.0,0.7,10,7,101.5,13
20,3.0,0.7,10,10,145.0,13
20,3.0,0.7,15,3,43.5,13
20,3.0,0.7,15,5,72.5,13
20,3.0,0.7,15,7,101.5,13
20,3.0,0.7,15,10,145.0,13
20,3.0,0.7,20,3,43.5,13
20,3.0,0.7,20,5,72.5,13
20,3.0,0.7,20,7,101.5,13
20,3.0,0.7,20,10,145.0,13
20,3.0,0.7,25,3,43.5,13
20,3.0,0.7,25,5,72.5,13
20,3.0,0.7,25,7,101.5,13
20,3.0,0.7,25,10,145.0,13
20,3.0,0.7,30,3,43.5,13
20,3.0,0.7,30,5,72.5,13
20,3.0,0.7,30,7,101.5,13
20,3.0,0.7,30,10,145.0,13
30,1.0,0.3,10,3,8271.0,4671
30,1.0,0.3,10,5,13785.0,4671
30,1.0,0.3,10,7,19299.0,4671
30,1.0,0.3,10,10,27570.0,4671
30,1.0,0.3,15,3,8271.0,4671
30,1.0,0.3,15,5,13785.0,4671
30,1.0,0.3,15,7,19299.0,4671
30,1.0,0.3,15,10,27570.0,4671
30,1.0,0.3,20,3,8271.0,4671
30,1.0,0.3,20,5,13785.0,4671
30,1.0,0.3,20,7,19299.0,4671
30,1.0,0.3,20,10,27570.0,4671
30,1.0,0.3,25,3,8271.0,4671
30,1.0,0.3,25,5,13785.0,4671
30,1.0,0.3,25,7,19299.0,4671
30,1.0,0.3,25,10,27570.0,4671
30,1.0,0.3,30,3,8271.0,4671
30,1.0,0.3,30,5,13785.0,4671
30,1.0,0.3,30,7,19299.0,4671
30,1.0,0.3,30,10,27570.0,4671
30,1.0,0.4,10,3,9033.0,5061
30,1.0,0.4,10,5,15055.0,5061
30,1.0,0.4,10,7,21077.0,5061
30,1.0,0.4,10,10,30110.0,5061
30,1.0,0.4,15,3,9033.0,5061
30,1.0,0.4,15,5,15055.0,5061
30,1.0,0.4,15,7,21077.0,5061
30,1.0,0.4,15,10,30110.0,5061
30,1.0,0.4,20,3,9033.0,5061
30,1.0,0.4,20,5,15055.0,5061
30,1.0,0.4,20,7,21077.0,5061
30,1.0,0.4,20,10,30110.0,5061
30,1.0,0.4,25,3,9033.0,5061
30,1.0,0.4,25,5,15055.0,5061
30,1.0,0.4,25,7,21077.0,5061
30,1.0,0.4,25,10,30110.0,5061
30,1.0,0.4,30,3,9033.0,5061
30,1.0,0.4,30,5,15055.0,5061
30,1.0,0.4,30,7,21077.0,5061
30,1.0,0.4,30,10,30110.0,5061
30,1.0,0.5,10,3,9895.5,5477
30,1.0,0.5,10,5,16492.5,5477
30,1.0,0.5,10,7,23089.5,5477
30,1.0,0.5,10,10,32985.0,5477
30,1.0,0.5,15,3,9895.5,5477
30,1.0,0.5,15,5,16492.5,5477
30,1.0,0.5,15,7,23089.5,5477
30,1.0,0.5,15,10,32985.0,5477
30,1.0,0.5,20,3,9895.5,5477
30,1.0,0.5,20,5,16492.5,5477
30,1.0,0.5,20,7,23089.5,5477
30,1.0,0.5,20,10,32985.0,5477
30,1.0,0.5,25,3,9895.5,5477
30,1.0,0.5,25,5,16492.5,5477
30,1.0,0.5,25,7,23089.5,5477
30,1.0,0.5,25,10,32985.0,5477
30,1.0,0.5,30,3,9895.5,5477
30,1.0,0.5,30,5,16492.5,5477
30,1.0,0.5,30,7,23089.5,5477
30,1.0,0.5,30,10,32985.0,5477
30,1.0,0.6,10,3,10066.5,5765
30,1.0,0.6,10,5,16777.5,5765
30,1.0,0.6,10,7,23488.5,5765
30,1.0,0.6,10,10,33555.0,5765
30,1.0,0.6,15,3,10066.5,5765
30,1.0,0.6,15,5,16777.5,5765
30,1.0,0.6,15,7,23488.5,5765
30,1.0,0.6,15,10,33555.0,5765
30,1.0,0.6,20,3,10066.5,5765
30,1.0,0.6,20,5,16777.5,5765
30,1.0,0.6,20,7,23488.5,5765
30,1.0,0.6,20,10,33555.0,5765
30,1.0,0.6,25,3,10066.5,5765
30,1.0,0.6,25,5,16777.5,5765
30,1.0,0.6,25,7,23488.5,5765
30,1.0,0.6,25,10,33555.0,5765
30,1.0,0.6,30,3,10066.5,5765
30,1.0,0.6,30,5,16777.5,5765
30,1.0,0.6,30,7,23488.5,5765
30,1.0,0.6,30,10,33555.0,5765
30,1.0,0.7,10,3,10251.0,5955
30,1.0,0.7,10,5,17085.0,5955
30,1.0,0.7,10,7,23919.0,5955
30,1.0,0.7,10,10,34170.0,5955
30,1.0,0.7,15,3,10251.0,5955
30,1.0,0.7,15,5,17085.0,5955
30,1.0,0.7,15,7,23919.0,5955
30,1.0,0.7,15,10,34170.0,5955
30,1.0,0.7,20,3,10251.0,5955
30,1.0,0.7,20,5,17085.0,5955
30,1.0,0.7,20,7,23919.0,5955
30,1.0,0.7,20,10,34170.0,5955
30,1.0,0.7,25,3,10251.0,5955
30,1.0,0.7,25,5,17085.0,5955
30,1.0,0.7,25,7,23919.0,5955
30,1.0,0.7,25,10,34170.0,5955
30,1.0,0.7,30,3,10251.0,5955
30,1.0,0.7,30,5,17085.0,5955
30,1.0,0.7,30,7,23919.0,5955
30,1.0,0.7,30,10,34170.0,5955
30,1.5,0.3,10,3,3612.0,1571
30,1.5,0.3,10,5,6020.0,1571
30,1.5,0.3,10,7,8428.0,1571
30,1.5,0.3,10,10,12040.0,1571
30,1.5,0.3,15,3,3612.0,1571
30,1.5,0.3,15,5,6020.0,1571
30,1.5,0.3,15,7,8428.0,1571
30,1.5,0.3,15,10,12040.0,1571
30,1.5,0.3,20,3,3612.0,1571
30,1.5,0.3,20,5,6020.0,1571
30,1.5,0.3,20,7,8428.0,1571
30,1.5,0.3,20,10,12040.0,1571
30,1.5,0.3,25,3,3612.0,1571
30,1.5,0.3,25,5,6020.0,1571
30,1.5,0.3,25,7,8428.0,1571
30,1.5,0.3,25,10,12040.0,1571
30,1.5,0.3,30,3,3612.0,1571
30,1.5,0.3,30,5,6020.0,1571
30,1.5,0.3,30,7,8428.0,1571
30,1.5,0.3,30,10,12040.0,1571
30,1.5,0.4,10,3,3768.0,1637
30,1.5,0.4,10,5,6280.0,1637
30,1.5,0.4,10,7,8792.0,1637
30,1.5,0.4,10,10,12560.0,1637
30,1.5,0.4,15,3,3768.0,1637
30,1.5,0.4,15,5,6280.0,1637
30,1.5,0.4,15,7,8792.0,1637
30,1.5,0.4,15,10,12560.0,1637
30,1.5,0.4,20,3,3768.0,1637
30,1.5,0.4,20,5,6280.0,1637
30,1.5,0.4,20,7,8792.0,1637
30,1.5,0.4,20,10,12560.0,1637
30,1.5,0.4,25,3,3768.0,1637
30,1.5,0.4,25,5,6280.0,1637
30,1.5,0.4,25,7,8792.0,1637
30,1.5,0.4,25,10,12560.0,1637
30,1.5,0.4,30,3,3768.0,1637
30,1.5,0.4,30,5,6280.0,1637
30,1.5,0.4,30,7,8792.0,1637
30,1.5,0.4,30,10,12560.0,1637
30,1.5,0.5,10,3,3996.0,1735
30,1.5,0.5,10,5,6660.0,1735
30,1.5,0.5,10,7,9324.0,1735
30,1.5,0.5,10,10,13320.0,1735
30,1.5,0.5,15,3,3996.0,1735
30,1.5,0.5,15,5,6660.0,1735
30,1.5,0.5,15,7,9324.0,1735
30,1.5,0.5,15,10,13320.0,1735
30,1.5,0.5,20,3,3996.0,1735
30,1.5,0.5,20,5,6660.0,1735
30,1.5,0.5,20,7,9324.0,1735
30,1.5,0.5,20,10,13320.0,1735
30,1.5,0.5,25,3,3996.0,1735
30,1.5,0.5,25,5,6660.0,1735
30,1.5,0.5,25,7,9324.0,1735
30,1.5,0.5,25,10,13320.0,1735
30,1.5,0.5,30,3,3996.0,1735
30,1.5,0.5,30,5,6660.0,1735
30,1.5,0.5,30,7,9324.0,1735
30,1.5,0.5,30,10,13320.0,1735
30,1.5,0.6,10,3,3963.0,1789
30,1.5,0.6,10,5,6605.0,1789
30,1.5,0.6,10,7,9247.0,1789
30,1.5,0.6,10,10,13210.0,1789
30,1.5,0.6,15,3,3963.0,1789
30,1.5,0.6,15,5,6605.0,1789
30,1.5,0.6,15,7,9247.0,1789
30,1.5,0.6,15,10,13210.0,1789
30,1.5,0.6,20,3,3963.0,1789
30,1.5,0.6,20,5,6605.0,1789
30,1.5,0.6,20,7,9247.0,1789
30,1.5,0.6,20,10,13210.0,1789
30,1.5,0.6,25,3,3963.0,1789
30,1.5,0.6,25,5,6605.0,1789
30,1.5,0.6,25,7,9247.0,1789
30,1.5,0.6,25,10,13210.0,1789
30,1.5,0.6,30,3,3963.0,1789
30,1.5,0.6,30,5,6605.0,1789
30,1.5,0.6,30,7,9247.0,1789
30,1.5,0.6,30,10,13210.0,1789
30,1.5,0.7,10,3,4029.0,1845
30,1.5,0.7,10,5,6715.0,1845
30,1.5,0.7,10,7,9401.0,1845
30,1.5,0.7,10,10,13430.0,1845
30,1.5,0.7,15,3,4029.0,1845
30,1.5,0.7,15,5,6715.0,1845
30,1.5,0.7,15,7,9401.0,1845
30,1.5,0.7,15,10,13430.0,1845
30,1.5,0.7,20,3,4029.0,1845
30,1.5,0.7,20,5,6715.0,1845
30,1.5,0.7,20,7,9401.0,1845
30,1.5,0.7,20,10,13430.0,1845
30,1.5,0.7,25,3,4029.0,1845
30,1.5,0.7,25,5,6715.0,1845
30,1.5,0.7,25,7,9401.0,1845
30,1.5,0.7,25,10,13430.0,1845
30,1.5,0.7,30,3,4029.0,1845
30,1.5,0.7,30,5,6715.0,1845
30,1.5,0.7,30,7,9401.0,1845
30,1.5,0.7,30,10,13430.0,1845
30,2.0,0.3,10,3,865.5,345
30,2.0,0.3,10,5,1442.5,345
30,2.0,0.3,10,7,2019.5,345
30,2.0,0.3,10,10,2885.0,345
30,2.0,0.3,15,3,865.5,345
30,2.0,0.3,15,5,1442.5,345
30,2.0,0.3,15,7,2019.5,345
30,2.0,0.3,15,10,2885.0,345
30,2.0,0.3,20,3,865.5,345
30,2.0,0.3,20,5,1442.5,345
30,2.0,0.3,20,7,2019.5,345
30,2.0,0.3,20,10,2885.0,345
30,2.0,0.3,25,3,865.5,345
30,2.0,0.3,25,5,1442.5,345
30,2.0,0.3,25,7,2019.5,345
30,2.0,0.3,25,10,2885.0,345
30,2.0,0.3,30,3,865.5,345
30,2.0,0.3,30,5,1442.5,345
30,2.0,0.3,30,7,2019.5,345
30,2.0,0.3,30,10,2885.0,345
30,2.0,0.4,10,3,889.5,351
30,2.0,0.4,10,5,1482.5,351
30,2.0,0.4,10,7,2075.5,351
30,2.0,0.4,10,10,2965.0,351
30,2.0,0.4,15,3,889.5,351
30,2.0,0.4,15,5,1482.5,351
30,2.0,0.4,15,7,2075.5,351
30,2.0,0.4,15,10,2965.0,351
30,2.0,0.4,20,3,889.5,351
30,2.0,0.4,20,5,1482.5,351
30,2.0,0.4,20,7,2075.5,351
30,2.0,0.4,20,10,2965.0,351
30,2.0,0.4,25,3,889.5,351
30,2.0,0.4,25,5,1482.5,351
30,2.0,0.4,25,7,2075.5,351
30,2.0,0.4,25,10,2965.0,351
30,2.0,0.4,30,3,889.5,351
30,2.0,0.4,30,5,1482.5,351
30,2.0,0.4,30,7,2075.5,351
30,2.0,0.4,30,10,2965.0,351
30,2.0,0.5,10,3,951.0,371
30,2.0,0.5,10,5,1585.0,371
30,2.0,0.5,10,7,2219.0,371
30,2.0,0.5,10,10,3170.0,371
30,2.0,0.5,15,3,951.0,371
30,2.0,0.5,15,5,1585.0,371
30,2.0,0.5,15,7,2219.0,371
30,2.0,0.5,15,10,3170.0,371
30,2.0,0.5,20,3,951.0,371
30,2.0,0.5,20,5,1585.0,371
30,2.0,0.5,20,7,2219.0,371
30,2.0,0.5,20,10,3170.0,371
30,2.0,0.5,25,3,951.0,371
30,2.0,0.5,25,5,1585.0,371
30,2.0,0.5,25,7,2219.0,371
30,2.0,0.5,25,10,3170.0,371
30,2.0,0.5,30,3,951.0,371
30,2.0,0.5,30,5,1585.0,371
30,2.0,0.5,30,7,2219.0,371
30,2.0,0.5,30,10,3170.0,371
30,2.0,0.6,10,3,952.5,375
30,2.0,0.6,10,5,1587.5,375
30,2.0,0.6,10,7,2222.5,375
30,2.0,0.6,10,10,3175.0,375
30,2.0,0.6,15,3,952.5,375
30,2.0,0.6,15,5,1587.5,375
30,2.0,0.6,15,7,2222.5,375
30,2.0,0.6,15,10,3175.0,375
30,2.0,0.6,20,3,952.5,375
30,2.0,0.6,20,5,1587.5,375
30,2.0,0.6,20,7,2222.5,375
30,2.0,0.6,20,10,3175.0,375
30,2.0,0.6,25,3,952.5,375
30,2.0,0.6,25,5,1587.5,375
30,2.0,0.6,25,7,2222.5,375
30,2.0,0.6,25,10,3175.0,375
30,2.0,0.6,30,3,952.5,375
30,2.0,0.6,30,5,1587.5,375
30,2.0,0.6,30,7,2222.5,375
30,2.0,0.6,30,10,3175.0,375
30,2.0,0.7,10,3,972.0,383
30,2.0,0.7,10,5,1620.0,383
30,2.0,0.7,10,7,2268.0,383
30,2.0,0.7,10,10,3240.0,383
30,2.0,0.7,15,3,972.0,383
30,2.0,0.7,15,5,1620.0,383
30,2.0,0.7,15,7,2268.0,383
30,2.0,0.7,15,10,3240.0,383
30,2.0,0.7,20,3,972.0,383
30,2.0,0.7,20,5,1620.0,383
30,2.0,0.7,20,7,2268.0,383
30,2.0,0.7,20,10,3240.0,383
30,2.0,0.7,25,3,972.0,383
30,2.0,0.7,25,5,1620.0,383
30,2.0,0.7,25,7,2268.0,383
30,2.0,0.7,25,10,3240.0,383
30,2.0,0.7,30,3,972.0,383
30,2.0,0.7,30,5,1620.0,383
30,2.0,0.7,30,7,2268.0,383
30,2.0,0.7,30,10,3240.0,383
30,2.5,0.3,10,3,228.0,87
30,2.5,0.3,10,5,380.0,87
30,2.5,0.3,10,7,532.0,87
30,2.5,0.3,10,10,760.0,87
30,2.5,0.3,15,3,228.0,87
30,2.5,0.3,15,5,380.0,87
30,2.5,0.3,15,7,532.0,87
30,2.5,0.3,15,10,760.0,87
30,2.5,0.3,20,3,228.0,87
30,2.5,0.3,20,5,380.0,87
30,2.5,0.3,20,7,532.0,87
30,2.5,0.3,20,10,760.0,87
30,2.5,0.3,25,3,228.0,87
30,2.5,0.3,25,5,380.0,87
30,2.5,0.3,25,7,532.0,87
30,2.5,0.3,25,10,760.0,87
30,2.5,0.3,30,3,228.0,87
30,2.5,0.3,30,5,380.0,87
30,2.5,0.3,30,7,532.0,87
30,2.5,0.3,30,10,760.0,87
30,2.5,0.4,10,3,238.5,89
30,2.5,0.4,10,5,397.5,89
30,2.5,0.4,10,7,556.5,89
30,2.5,0.4,10,10,795.0,89
30,2.5,0.4,15,3,238.5,89
30,2.5,0.4,15,5,397.5,89
30,2.5,0.4,15,7,556.5,89
30,2.5,0.4,15,10,795.0,89
30,2.5,0.4,20,3,238.5,89
30,2.5,0.4,20,5,397.5,89
30,2.5,0.4,20,7,556.5,89
30,2.5,0.4,20,10,795.0,89
30,2.5,0.4,25,3,238.5,89
30,2.5,0.4,25,5,397.5,89
30,2.5,0.4,25,7,556.5,89
30,2.5,0.4,25,10,795.0,89
30,2.5,0.4,30,3,238.5,89
30,2.5,0.4,30,5,397.5,89
30,2.5,0.4,30,7,556.5,89
30,2.5,0.4,30,10,795.0,89
30,2.5,0.5,10,3,255.0,93
30,2.5,0.5,10,5,425.0,93
30,2.5,0.5,10,7,595.0,93
30,2.5,0.5,10,10,850.0,93
30,2.5,0.5,15,3,255.0,93
30,2.5,0.5,15,5,425.0,93
30,2.5,0.5,15,7,595.0,93
30,2.5,0.5,15,10,850.0,93
30,2.5,0.5,20,3,255.0,93
30,2.5,0.5,20,5,425.0,93
30,2.5,0.5,20,7,595.0,93
30,2.5,0.5,20,10,850.0,93
30,2.5,0.5,25,3,255.0,93
30,2.5,0.5,25,5,425.0,93
30,2.5,0.5,25,7,595.0,93
30,2.5,0.5,25,10,850.0,93
30,2.5,0.5,30,3,255.0,93
30,2.5,0.5,30,5,425.0,93
30,2.5,0.5,30,7,595.0,93
30,2.5,0.5,30,10,850.0,93
30,2.5,0.6,10,3,258.0,93
30,2.5,0.6,10,5,430.0,93
30,2.5,0.6,10,7,602.0,93
30,2.5,0.6,10,10,860.0,93
30,2.5,0.6,15,3,258.0,93
30,2.5,0.6,15,5,430.0,93
30,2.5,0.6,15,7,602.0,93
30,2.5,0.6,15,10,860.0,93
30,2.5,0.6,20,3,258.0,93
30,2.5,0.6,20,5,430.0,93
30,2.5,0.6,20,7,602.0,93
30,2.5,0.6,20,10,860.0,93
30,2.5,0.6,25,3,258.0,93
30,2.5,0.6,25,5,430.0,93
30,2.5,0.6,25,7,602.0,93
30,2.5,0.6,25,10,860.0,93
30,2.5,0.6,30,3,258.0,93
30,2.5,0.6,30,5,430.0,93
30,2.5,0.6,30,7,602.0,93
30,2.5,0.6,30,10,860.0,93
30,2.5,0.7,10,3,259.5,95
30,2.5,0.7,10,5,432.5,95
30,2.5,0.7,10,7,605.5,95
30,2.5,0.7,10,10,865.0,95
30,2.5,0.7,15,3,259.5,95
30,2.5,0.7,15,5,432.5,95
30,2.5,0.7,15,7,605.5,95
30,2.5,0.7,15,10,865.0,95
30,2.5,0.7,20,3,259.5,95
30,2.5,0.7,20,5,432.5,95
30,2.5,0.7,20,7,605.5,95
30,2.5,0.7,20,10,865.0,95
30,2.5,0.7,25,3,259.5,95
30,2.5,0.7,25,5,432.5,95
30,2.5,0.7,25,7,605.5,95
30,2.5,0.7,25,10,865.0,95
30,2.5,0.7,30,3,259.5,95
30,2.5,0.7,30,5,432.5,95
30,2.5,0.7,30,7,605.5,95
30,2.5,0.7,30,10,865.0,95
30,3.0,0.3,10,3,60.0,23
30,3.0,0.3,10,5,100.0,23
30,3.0,0.3,10,7,140.0,23
30,3.0,0.3,10,10,200.0,23
30,3.0,0.3,15,3,60.0,23
30,3.0,0.3,15,5,100.0,23
30,3.0,0.3,15,7,140.0,23
30,3.0,0.3,15,10,200.0,23
30,3.0,0.3,20,3,60.0,23
30,3.0,0.3,20,5,100.0,23
30,3.0,0.3,20,7,140.0,23
30,3.0,0.3,20,10,200.0,23
30,3.0,0.3,25,3,60.0,23
30,3.0,0.3,25,5,100.0,23
30,3.0,0.3,25,7,140.0,23
30,3.0,0.3,25,10,200.0,23
30,3.0,0.3,30,3,60.0,23
30,3.0,0.3,30,5,100.0,23
30,3.0,0.3,30,7,140.0,23
30,3.0,0.3,30,10,200.0,23
30,3.0,0.4,10,3,61.5,23
30,3.0,0.4,10,5,102.5,23
30,3.0,0.4,10,7,143.5,23
30,3.0,0.4,10,10,205.0,23
30,3.0,0.4,15,3,61.5,23
30,3.0,0.4,15,5,102.5,23
30,3.0,0.4,15,7,143.5,23
30,3.0,0.4,15,10,205.0,23
30,3.0,0.4,20,3,61.5,23
30,3.0,0.4,20,5,102.5,23
30,3.0,0.4,20,7,143.5,23
30,3.0,0.4,20,10,205.0,23
30,3.0,0.4,25,3,61.5,23
30,3.0,0.4,25,5,102.5,23
30,3.0,0.4,25,7,143.5,23
30,3.0,0.4,25,10,205.0,23
30,3.0,0.4,30,3,61.5,23
30,3.0,0.4,30,5,102.5,23
30,3.0,0.4,30,7,143.5,23
30,3.0,0.4,30,10,205.0,23
30,3.0,0.5,10,3,63.0,23
30,3.0,0.5,10,5,105.0,23
30,3.0,0.5,10,7,147.0,23
30,3.0,0.5,10,10,210.0,23
30,3.0,0.5,15,3,63.0,23
30,3.0,0.5,15,5,105.0,23
30,3.0,0.5,15,7,147.0,23
30,3.0,0.5,15,10,210.0,23
30,3.0,0.5,20,3,63.0,23
30,3.0,0.5,20,5,105.0,23
30,3.0,0.5,20,7,147.0,23
30,3.0,0.5,20,10,210.0,23
30,3.0,0.5,25,3,63.0,23
30,3.0,0.5,25,5,105.0,23
30,3.0,0.5,25,7,147.0,23
30,3.0,0.5,25,10,210.0,23
30,3.0,0.5,30,3,63.0,23
30,3.0,0.5,30,5,105.0,23
30,3.0,0.5,30,7,147.0,23
30,3.0,0.5,30,10,210.0,23
30,3.0,0.6,10,3,67.5,23
30,3.0,0.6,10,5,112.5,23
30,3.0,0.6,10,7,157.5,23
30,3.0,0.6,10,10,225.0,23
30,3.0,0.6,15,3,67.5,23
30,3.0,0.6,15,5,112.5,23
30,3.0,0.6,15,7,157.5,23
30,3.0,0.6,15,10,225.0,23
30,3.0,0.6,20,3,67.5,23
30,3.0,0.6,20,5,112.5,23
30,3.0,0.6,20,7,157.5,23
30,3.0,0.6,20,10,225.0,23
30,3.0,0.6,25,3,67.5,23
30,3.0,0.6,25,5,112.5,23
30,3.0,0.6,25,7,157.5,23
30,3.0,0.6,25,10,225.0,23
30,3.0,0.6,30,3,67.5,23
30,3.0,0.6,30,5,112.5,23
30,3.0,0.6,30,7,157.5,23
30,3.0,0.6,30,10,225.0,23
30,3.0,0.7,10,3,66.0,23
30,3.0,0.7,10,5,110.0,23
30,3.0,0.7,10,7,154.0,23
30,3.0,0.7,10,10,220.0,23
30,3.0,0.7,15,3,66.0,23
30,3.0,0.7,15,5,110.0,23
30,3.0,0.7,15,7,154.0,23
30,3.0,0.7,15,10,220.0,23
30,3.0,0.7,20,3,66.0,23
30,3.0,0.7,20,5,110.0,23
30,3.0,0.7,20,7,154.0,23
30,3.0,0.7,20,10,220.0,23
30,3.0,0.7,25,3,66.0,23
30,3.0,0.7,25,5,110.0,23
30,3.0,0.7,25,7,154.0,23
30,3.0,0.7,25,10,220.0,23
30,3.0,0.7,30,3,66.0,23
30,3.0,0.7,30,5,110.0,23
30,3.0,0.7,30,7,154.0,23
30,3.0,0.7,30,10,220.0,23
40,1.0,0.3,10,3,8268.0,4608
40,1.0,0.3,10,5,13780.0,4608
40,1.0,0.3,10,7,19292.0,4608
40,1.0,0.3,10,10,27560.0,4608
40,1.0,0.3,15,3,8268.0,4608
40,1.0,0.3,15,5,13780.0,4608
40,1.0,0.3,15,7,19292.0,4608
40,1.0,0.3,15,10,27560.0,4608
40,1.0,0.3,20,3,8268.0,4608
40,1.0,0.3,20,5,13780.0,4608
40,1.0,0.3,20,7,19292.0,4608
40,1.0,0.3,20,10,27560.0,4608
40,1.0,0.3,25,3,8268.0,4608
40,1.0,0.3,25,5,13780.0,4608
40,1.0,0.3,25,7,19292.0,4608
40,1.0,0.3,25,10,27560.0,4608
40,1.0,0.3,30,3,8268.0,4608
40,1.0,0.3,30,5,13780.0,4608
40,1.0,0.3,30,7,19292.0,4608
40,1.0,0.3,30,10,27560.0,4608
40,1.0,0.4,10,3,9199.5,5060
40,1.0,0.4,10,5,15332.5,5060
40,1.0,0.4,10,7,21465.5,5060
40,1.0,0.4,10,10,30665.0,5060
40,1.0,0.4,15,3,9199.5,5060
40,1.0,0.4,15,5,15332.5,5060
40,1.0,0.4,15,7,21465.5,5060
40,1.0,0.4,15,10,30665.0,5060
40,1.0,0.4,20,3,9199.5,5060
40,1.0,0.4,20,5,15332.5,5060
40,1.0,0.4,20,7,21465.5,5060
40,1.0,0.4,20,10,30665.0,5060
40,1.0,0.4,25,3,9199.5,5060
40,1.0,0.4,25,5,15332.5,5060
40,1.0,0.4,25,7,21465.5,5060
40,1.0,0.4,25,10,30665.0,5060
40,1.0,0.4,30,3,9199.5,5060
40,1.0,0.4,30,5,15332.5,5060
40,1.0,0.4,30,7,21465.5,5060
40,1.0,0.4,30,10,30665.0,5060
40,1.0,0.5,10,3,10053.0,5499
40,1.0,0.5,10,5,16755.0,5499
40,1.0,0.5,10,7,23457.0,5499
40,1.0,0.5,10,10,33510.0,5499
40,1.0,0.5,15,3,10053.0,5499
40,1.0,0.5,15,5,16755.0,5499
40,1.0,0.5,15,7,23457.0,5499
40,1.0,0.5,15,10,33510.0,5499
40,1.0,0.5,20,3,10053.0,5499
40,1.0,0.5,20,5,16755.0,5499
40,1.0,0.5,20,7,23457.0,5499
40,1.0,0.5,20,10,33510.0,5499
40,1.0,0.5,25,3,10053.0,5499
40,1.0,0.5,25,5,16755.0,5499
40,1.0,0.5,25,7,23457.0,5499
40,1.0,0.5,25,10,33510.0,5499
40,1.0,0.5,30,3,10053.0,5499
40,1.0,0.5,30,5,16755.0,5499
40,1.0,0.5,30,7,23457.0,5499
40,1.0,0.5,30,10,33510.0,5499
40,1.0,0.6,10,3,10282.5,5821
40,1.0,0.6,10,5,17137.5,5821
40,1.0,0.6,10,7,23992.5,5821
40,1.0,0.6,10,10,34275.0,5821
40,1.0,0.6,15,3,10282.5,5821
40,1.0,0.6,15,5,17137.5,5821
40,1.0,0.6,15,7,23992.5,5821
40,1.0,0.6,15,10,34275.0,5821
40,1.0,0.6,20,3,10282.5,5821
40,1.0,0.6,20,5,17137.5,5821
40,1.0,0.6,20,7,23992.5,5821
40,1.0,0.6,20,10,34275.0,5821
40,1.0,0.6,25,3,10282.5,5821
40,1.0,0.6,25,5,17137.5,5821
40,1.0,0.6,25,7,23992.5,5821
40,1.0,0.6,25,10,34275.0,5821
40,1.0,0.6,30,3,10282.5,5821
40,1.0,0.6,30,5,17137.5,5821
40,1.0,0.6,30,7,23992.5,5821
40,1.0,0.6,30,10,34275.0,5821
40,1.0,0.7,10,3,10507.5,6087
40,1.0,0.7,10,5,17512.5,6087
40,1.0,0.7,10,7,24517.5,6087
40,1.0,0.7,10,10,35025.0,6087
40,1.0,0.7,15,3,10507.5,6087
40,1.0,0.7,15,5,17512.5,6087
40,1.0,0.7,15,7,24517.5,6087
40,1.0,0.7,15,10,35025.0,6087
40,1.0,0.7,20,3,10507.5,6087
40,1.0,0.7,20,5,17512.5,6087
40,1.0,0.7,20,7,24517.5,6087
40,1.0,0.7,20,10,35025.0,6087
40,1.0,0.7,25,3,10507.5,6087
40,1.0,0.7,25,5,17512.5,6087
40,1.0,0.7,25,7,24517.5,6087
40,1.0,0.7,25,10,35025.0,6087
40,1.0,0.7,30,3,10507.5,6087
40,1.0,0.7,30,5,17512.5,6087
40,1.0,0.7,30,7,24517.5,6087
40,1.0,0.7,30,10,35025.0,6087
40,1.5,0.3,10,3,3903.0,1687
40,1.5,0.3,10,5,6505.0,1687
40,1.5,0.3,10,7,9107.0,1687
40,1.5,0.3,10,10,13010.0,1687
40,1.5,0.3,15,3,3903.0,1687
40,1.5,0.3,15,5,6505.0,1687
40,1.5,0.3,15,7,9107.0,1687
40,1.5,0.3,15,10,13010.0,1687
40,1.5,0.3,20,3,3903.0,1687
40,1.5,0.3,20,5,6505.0,1687
40,1.5,0.3,20,7,9107.0,1687
40,1.5,0.3,20,10,13010.0,1687
40,1.5,0.3,25,3,3903.0,1687
40,1.5,0.3,25,5,6505.0,1687
40,1.5,0.3,25,7,9107.0,1687
40,1.5,0.3,25,10,13010.0,1687
40,1.5,0.3,30,3,3903.0,1687
40,1.5,0.3,30,5,6505.0,1687
40,1.5,0.3,30,7,9107.0,1687
40,1.5,0.3,30,10,13010.0,1687
40,1.5,0.4,10,3,4185.0,1791
40,1.5,0.4,10,5,6975.0,1791
40,1.5,0.4,10,7,9765.0,1791
40,1.5,0.4,10,10,13950.0,1791
40,1.5,0.4,15,3,4185.0,1791
40,1.5,0.4,15,5,6975.0,1791
40,1.5,0.4,15,7,9765.0,1791
40,1.5,0.4,15,10,13950.0,1791
40,1.5,0.4,20,3,4185.0,1791
40,1.5,0.4,20,5,6975.0,1791
40,1.5,0.4,20,7,9765.0,1791
40,1.5,0.4,20,10,13950.0,1791
40,1.5,0.4,25,3,4185.0,1791
40,1.5,0.4,25,5,6975.0,1791
40,1.5,0.4,25,7,9765.0,1791
40,1.5,0.4,25,10,13950.0,1791
40,1.5,0.4,30,3,4185.0,1791
40,1.5,0.4,30,5,6975.0,1791
40,1.5,0.4,30,7,9765.0,1791
40,1.5,0.4,30,10,13950.0,1791
40,1.5,0.5,10,3,4395.0,1873
40,1.5,0.5,10,5,7325.0,1873
40,1.5,0.5,10,7,10255.0,1873
40,1.5,0.5,10,10,14650.0,1873
40,1.5,0.5,15,3,4395.0,1873
40,1.5,0.5,15,5,7325.0,1873
40,1.5,0.5,15,7,10255.0,1873
40,1.5,0.5,15,10,14650.0,1873
40,1.5,0.5,20,3,4395.0,1873
40,1.5,0.5,20,5,7325.0,1873
40,1.5,0.5,20,7,10255.0,1873
40,1.5,0.5,20,10,14650.0,1873
40,1.5,0.5,25,3,4395.0,1873
40,1.5,0.5,25,5,7325.0,1873
40,1.5,0.5,25,7,10255.0,1873
40,1.5,0.5,25,10,14650.0,1873
40,1.5,0.5,30,3,4395.0,1873
40,1.5,0.5,30,5,7325.0,1873
40,1.5,0.5,30,7,10255.0,1873
40,1.5,0.5,30,10,14650.0,1873
40,1.5,0.6,10,3,4450.5,1963
40,1.5,0.6,10,5,7417.5,1963
40,1.5,0.6,10,7,10384.5,1963
40,1.5,0.6,10,10,14835.0,1963
40,1.5,0.6,15,3,4450.5,1963
40,1.5,0.6,15,5,7417.5,1963
40,1.5,0.6,15,7,10384.5,1963
40,1.5,0.6,15,10,14835.0,1963
40,1.5,0.6,20,3,4450.5,1963
40,1.5,0.6,20,5,7417.5,1963
40,1.5,0.6,20,7,10384.5,1963
40,1.5,0.6,20,10,14835.0,1963
40,1.5,0.6,25,3,4450.5,1963
40,1.5,0.6,25,5,7417.5,1963
40,1.5,0.6,25,7,10384.5,1963
40,1.5,0.6,25,10,14835.0,1963
40,1.5,0.6,30,3,4450.5,1963
40,1.5,0.6,30,5,7417.5,1963
40,1.5,0.6,30,7,10384.5,1963
40,1.5,0.6,30,10,14835.0,1963
40,1.5,0.7,10,3,4488.0,2031
40,1.5,0.7,10,5,7480.0,2031
40,1.5,0.7,10,7,10472.0,2031
40,1.5,0.7,10,10,14960.0,2031
40,1.5,0.7,15,3,4488.0,2031
40,1.5,0.7,15,5,7480.0,2031
40,1.5,0.7,15,7,10472.0,2031
40,1.5,0.7,15,10,14960.0,2031
40,1.5,0.7,20,3,4488.0,2031
40,1.5,0.7,20,5,7480.0,2031
40,1.5,0.7,20,7,10472.0,2031
40,1.5,0.7,20,10,14960.0,2031
40,1.5,0.7,25,3,4488.0,2031
40,1.5,0.7,25,5,7480.0,2031
40,1.5,0.7,25,7,10472.0,2031
40,1.5,0.7,25,10,14960.0,2031
40,1.5,0.7,30,3,4488.0,2031
40,1.5,0.7,30,5,7480.0,2031
40,1.5,0.7,30,7,10472.0,2031
40,1.5,0.7,30,10,14960.0,2031
40,2.0,0.3,10,3,1120.5,427
40,2.0,0.3,10,5,1867.5,427
40,2.0,0.3,10,7,2614.5,427
40,2.0,0.3,10,10,3735.0,427
40,2.0,0.3,15,3,1120.5,427
40,2.0,0.3,15,5,1867.5,427
40,2.0,0.3,15,7,2614.5,427
40,2.0,0.3,15,10,3735.0,427
40,2.0,0.3,20,3,1120.5,427
40,2.0,0.3,20,5,1867.5,427
40,2.0,0.3,20,7,2614.5,427
40,2.0,0.3,20,10,3735.0,427
40,2.0,0.3,25,3,1120.5,427
40,2.0,0.3,25,5,1867.5,427
40,2.0,0.3,25,7,2614.5,427
40,2.0,0.3,25,10,3735.0,427
40,2.0,0.3,30,3,1120.5,427
40,2.0,0.3,30,5,1867.5,427
40,2.0,0.3,30,7,2614.5,427
40,2.0,0.3,30,10,3735.0,427
40,2.0,0.4,10,3,1209.0,449
40,2.0,0.4,10,5,2015.0,449
40,2.0,0.4,10,7,2821.0,449
40,2.0,0.4,10,10,4030.0,449
40,2.0,0.4,15,3,1209.0,449
40,2.0,0.4,15,5,2015.0,449
40,2.0,0.4,15,7,2821.0,449
40,2.0,0.4,15,10,4030.0,449
40,2.0,0.4,20,3,1209.0,449
40,2.0,0.4,20,5,2015.0,449
40,2.0,0.4,20,7,2821.0,449
40,2.0,0.4,20,10,4030.0,449
40,2.0,0.4,25,3,1209.0,449
40,2.0,0.4,25,5,2015.0,449
40,2.0,0.4,25,7,2821.0,449
40,2.0,0.4,25,10,4030.0,449
40,2.0,0.4,30,3,1209.0,449
40,2.0,0.4,30,5,2015.0,449
40,2.0,0.4,30,7,2821.0,449
40,2.0,0.4,30,10,4030.0,449
40,2.0,0.5,10,3,1260.0,465
40,2.0,0.5,10,5,2100.0,465
40,2.0,0.5,10,7,2940.0,465
40,2.0,0.5,10,10,4200.0,465
40,2.0,0.5,15,3,1260.0,465
40,2.0,0.5,15,5,2100.0,465
40,2.0,0.5,15,7,2940.0,465
40,2.0,0.5,15,10,4200.0,465
40,2.0,0.5,20,3,1260.0,465
40,2.0,0.5,20,5,2100.0,465
40,2.0,0.5,20,7,2940.0,465
40,2.0,0.5,20,10,4200.0,465
40,2.0,0.5,25,3,1260.0,465
40,2.0,0.5,25,5,2100.0,465
40,2.0,0.5,25,7,2940.0,465
40,2.0,0.5,25,10,4200.0,465
40,2.0,0.5,30,3,1260.0,465
40,2.0,0.5,30,5,2100.0,465
40,2.0,0.5,30,7,2940.0,465
40,2.0,0.5,30,10,4200.0,465
40,2.0,0.6,10,3,1245.0,473
40,2.0,0.6,10,5,2075.0,473
40,2.0,0.6,10,7,2905.0,473
40,2.0,0.6,10,10,4150.0,473
40,2.0,0.6,15,3,1245.0,473
40,2.0,0.6,15,5,2075.0,473
40,2.0,0.6,15,7,2905.0,473
40,2.0,0.6,15,10,4150.0,473
40,2.0,0.6,20,3,1245.0,473
40,2.0,0.6,20,5,2075.0,473
40,2.0,0.6,20,7,2905.0,473
40,2.0,0.6,20,10,4150.0,473
40,2.0,0.6,25,3,1245.0,473
40,2.0,0.6,25,5,2075.0,473
40,2.0,0.6,25,7,2905.0,473
40,2.0,0.6,25,10,4150.0,473
40,2.0,0.6,30,3,1245.0,473
40,2.0,0.6,30,5,2075.0,473
40,2.0,0.6,30,7,2905.0,473
40,2.0,0.6,30,10,4150.0,473
40,2.0,0.7,10,3,1257.0,485
40,2.0,0.7,10,5,2095.0,485
40,2.0,0.7,10,7,2933.0,485
40,2.0,0.7,10,10,4190.0,485
40,2.0,0.7,15,3,1257.0,485
40,2.0,0.7,15,5,2095.0,485
40,2.0,0.7,15,7,2933.0,485
40,2.0,0.7,15,10,4190.0,485
40,2.0,0.7,20,3,1257.0,485
40,2.0,0.7,20,5,2095.0,485
40,2.0,0.7,20,7,2933.0,485
40,2.0,0.7,20,10,4190.0,485
40,2.0,0.7,25,3,1257.0,485
40,2.0,0.7,25,5,2095.0,485
40,2.0,0.7,25,7,2933.0,485
40,2.0,0.7,25,10,4190.0,485
40,2.0,0.7,30,3,1257.0,485
40,2.0,0.7,30,5,2095.0,485
40,2.0,0.7,30,7,2933.0,485
40,2.0,0.7,30,10,4190.0,485
40,2.5,0.3,10,3,340.5,125
40,2.5,0.3,10,5,567.5,125
40,2.5,0.3,10,7,794.5,125
40,2.5,0.3,10,10,1135.0,125
40,2.5,0.3,15,3,340.5,125
40,2.5,0.3,15,5,567.5,125
40,2.5,0.3,15,7,794.5,125
40,2.5,0.3,15,10,1135.0,125
40,2.5,0.3,20,3,340.5,125
40,2.5,0.3,20,5,567.5,125
40,2.5,0.3,20,7,794.5,125
40,2.5,0.3,20,10,1135.0,125
40,2.5,0.3,25,3,340.5,125
40,2.5,0.3,25,5,567.5,125
40,2.5,0.3,25,7,794.5,125
40,2.5,0.3,25,10,1135.0,125
40,2.5,0.3,30,3,340.5,125
40,2.5,0.3,30,5,567.5,125
40,2.5,0.3,30,7,794.5,125
40,2.5,0.3,30,10,1135.0,125
40,2.5,0.4,10,3,379.5,133
40,2.5,0.4,10,5,632.5,133
40,2.5,0.4,10,7,885.5,133
40,2.5,0.4,10,10,1265.0,133
40,2.5,0.4,15,3,379.5,133
40,2.5,0.4,15,5,632.5,133
40,2.5,0.4,15,7,885.5,133
40,2.5,0.4,15,10,1265.0,133
40,2.5,0.4,20,3,379.5,133
40,2.5,0.4,20,5,632.5,133
40,2.5,0.4,20,7,885.5,133
40,2.5,0.4,20,10,1265.0,133
40,2.5,0.4,25,3,379.5,133
40,2.5,0.4,25,5,632.5,133
40,2.5,0.4,25,7,885.5,133
40,2.5,0.4,25,10,1265.0,133
40,2.5,0.4,30,3,379.5,133
40,2.5,0.4,30,5,632.5,133
40,2.5,0.4,30,7,885.5,133
40,2.5,0.4,30,10,1265.0,133
40,2.5,0.5,10,3,390.0,135
40,2.5,0.5,10,5,650.0,135
40,2.5,0.5,10,7,910.0,135
40,2.5,0.5,10,10,1300.0,135
40,2.5,0.5,15,3,390.0,135
40,2.5,0.5,15,5,650.0,135
40,2.5,0.5,15,7,910.0,135
40,2.5,0.5,15,10,1300.0,135
40,2.5,0.5,20,3,390.0,135
40,2.5,0.5,20,5,650.0,135
40,2.5,0.5,20,7,910.0,135
40,2.5,0.5,20,10,1300.0,135
40,2.5,0.5,25,3,390.0,135
40,2.5,0.5,25,5,650.0,135
40,2.5,0.5,25,7,910.0,135
40,2.5,0.5,25,10,1300.0,135
40,2.5,0.5,30,3,390.0,135
40,2.5,0.5,30,5,650.0,135
40,2.5,0.5,30,7,910.0,135
40,2.5,0.5,30,10,1300.0,135
40,2.5,0.6,10,3,390.0,137
40,2.5,0.6,10,5,650.0,137
40,2.5,0.6,10,7,910.0,137
40,2.5,0.6,10,10,1300.0,137
40,2.5,0.6,15,3,390.0,137
40,2.5,0.6,15,5,650.0,137
40,2.5,0.6,15,7,910.0,137
40,2.5,0.6,15,10,1300.0,137
40,2.5,0.6,20,3,390.0,137
40,2.5,0.6,20,5,650.0,137
40,2.5,0.6,20,7,910.0,137
40,2.5,0.6,20,10,1300.0,137
40,2.5,0.6,25,3,390.0,137
40,2.5,0.6,25,5,650.0,137
40,2.5,0.6,25,7,910.0,137
40,2.5,0.6,25,10,1300.0,137
40,2.5,0.6,30,3,390.0,137
40,2.5,0.6,30,5,650.0,137
40,2.5,0.6,30,7,910.0,137
40,2.5,0.6,30,10,1300.0,137
40,2.5,0.7,10,3,385.5,137
40,2.5,0.7,10,5,642.5,137
40,2.5,0.7,10,7,899.5,137
40,2.5,0.7,10,10,1285.0,137
40,2.5,0.7,15,3,385.5,137
40,2.5,0.7,15,5,642.5,137
40,2.5,0.7,15,7,899.5,137
40,2.5,0.7,15,10,1285.0,137
40,2.5,0.7,20,3,385.5,137
40,2.5,0.7,20,5,642.5,137
40,2.5,0.7,20,7,899.5,137
40,2.5,0.7,20,10,1285.0,137
40,2.5,0.7,25,3,385.5,137
40,2.5,0.7,25,5,642.5,137
40,2.5,0.7,25,7,899.5,137
40,2.5,0.7,25,10,1285.0,137
40,2.5,0.7,30,3,385.5,137
40,2.5,0.7,30,5,642.5,137
40,2.5,0.7,30,7,899.5,137
40,2.5,0.7,30,10,1285.0,137
40,3.0,0.3,10,3,121.5,39
40,3.0,0.3,10,5,202.5,39
40,3.0,0.3,10,7,283.5,39
40,3.0,0.3,10,10,405.0,39
40,3.0,0.3,15,3,121.5,39
40,3.0,0.3,15,5,202.5,39
40,3.0,0.3,15,7,283.5,39
40,3.0,0.3,15,10,405.0,39
40,3.0,0.3,20,3,121.5,39
40,3.0,0.3,20,5,202.5,39
40,3.0,0.3,20,7,283.5,39
40,3.0,0.3,20,10,405.0,39
40,3.0,0.3,25,3,121.5,39
40,3.0,0.3,25,5,202.5,39
40,3.0,0.3,25,7,283.5,39
40,3.0,0.3,25,10,405.0,39
40,3.0,0.3,30,3,121.5,39
40,3.0,0.3,30,5,202.5,39
40,3.0,0.3,30,7,283.5,39
40,3.0,0.3,30,10,405.0,39
40,3.0,0.4,10,3,129.0,39
40,3.0,0.4,10,5,215.0,39
40,3.0,0.4,10,7,301.0,39
40,3.0,0.4,10,10,430.0,39
40,3.0,0.4,15,3,129.0,39
40,3.0,0.4,15,5,215.0,39
40,3.0,0.4,15,7,301.0,39
40,3.0,0.4,15,10,430.0,39
40,3.0,0.4,20,3,129.0,39
40,3.0,0.4,20,5,215.0,39
40,3.0,0.4,20,7,301.0,39
40,3.0,0.4,20,10,430.0,39
40,3.0,0.4,25,3,129.0,39
40,3.0,0.4,25,5,215.0,39
40,3.0,0.4,25,7,301.0,39
40,3.0,0.4,25,10,430.0,39
40,3.0,0.4,30,3,129.0,39
40,3.0,0.4,30,5,215.0,39
40,3.0,0.4,30,7,301.0,39
40,3.0,0.4,30,10,430.0,39
40,3.0,0.5,10,3,129.0,39
40,3.0,0.5,10,5,215.0,39
40,3.0,0.5,10,7,301.0,39
40,3.0,0.5,10,10,430.0,39
40,3.0,0.5,15,3,129.0,39
40,3.0,0.5,15,5,215.0,39
40,3.0,0.5,15,7,301.0,39
40,3.0,0.5,15,10,430.0,39
40,3.0,0.5,20,3,129.0,39
40,3.0,0.5,20,5,215.0,39
40,3.0,0.5,20,7,301.0,39
40,3.0,0.5,20,10,430.0,39
40,3.0,0.5,25,3,129.0,39
40,3.0,0.5,25,5,215.0,39
40,3.0,0.5,25,7,301.0,39
40,3.0,0.5,25,10,430.0,39
40,3.0,0.5,30,3,129.0,39
40,3.0,0.5,30,5,215.0,39
40,3.0,0.5,30,7,301.0,39
40,3.0,0.5,30,10,430.0,39
40,3.0,0.6,10,3,127.5,39
40,3.0,0.6,10,5,212.5,39
40,3.0,0.6,10,7,297.5,39
40,3.0,0.6,10,10,425.0,39
40,3.0,0.6,15,3,127.5,39
40,3.0,0.6,15,5,212.5,39
40,3.0,0.6,15,7,297.5,39
40,3.0,0.6,15,10,425.0,39
40,3.0,0.6,20,3,127.5,39
40,3.0,0.6,20,5,212.5,39
40,3.0,0.6,20,7,297.5,39
40,3.0,0.6,20,10,425.0,39
40,3.0,0.6,25,3,127.5,39
40,3.0,0.6,25,5,212.5,39
40,3.0,0.6,25,7,297.5,39
40,3.0,0.6,25,10,425.0,39
40,3.0,0.6,30,3,127.5,39
40,3.0,0.6,30,5,212.5,39
40,3.0,0.6,30,7,297.5,39
40,3.0,0.6,30,10,425.0,39
40,3.0,0.7,10,3,123.0,39
40,3.0,0.7,10,5,205.0,39
40,3.0,0.7,10,7,287.0,39
40,3.0,0.7,10,10,410.0,39
40,3.0,0.7,15,3,123.0,39
40,3.0,0.7,15,5,205.0,39
40,3.0,0.7,15,7,287.0,39
40,3.0,0.7,15,10,410.0,39
40,3.0,0.7,20,3,123.0,39
40,3.0,0.7,20,5,205.0,39
40,3.0,0.7,20,7,287.0,39
40,3.0,0.7,20,10,410.0,39
40,3.0,0.7,25,3,123.0,39
40,3.0,0.7,25,5,205.0,39
40,3.0,0.7,25,7,287.0,39
40,3.0,0.7,25,10,410.0,39
40,3.0,0.7,30,3,123.0,39
40,3.0,0.7,30,5,205.0,39
40,3.0,0.7,30,7,287.0,39
40,3.0,0.7,30,10,410.0,39
50,1.0,0.3,10,3,8298.0,4550
50,1.0,0.3,10,5,13830.0,4550
50,1.0,0.3,10,7,19362.0,4550
50,1.0,0.3,10,10,27660.0,4550
50,1.0,0.3,15,3,8298.0,4550
50,1.0,0.3,15,5,13830.0,4550
50,1.0,0.3,15,7,19362.0,4550
50,1.0,0.3,15,10,27660.0,4550
50,1.0,0.3,20,3,8298.0,4550
50,1.0,0.3,20,5,13830.0,4550
50,1.0,0.3,20,7,19362.0,4550
50,1.0,0.3,20,10,27660.0,4550
50,1.0,0.3,25,3,8298.0,4550
50,1.0,0.3,25,5,13830.0,4550
50,1.0,0.3,25,7,19362.0,4550
50,1.0,0.3,25,10,27660.0,4550
50,1.0,0.3,30,3,8298.0,4550
50,1.0,0.3,30,5,13830.0,4550
50,1.0,0.3,30,7,19362.0,4550
50,1.0,0.3,30,10,27660.0,4550
50,1.0,0.4,10,3,9166.5,5017
50,1.0,0.4,10,5,15277.5,5017
50,1.0,0.4,10,7,21388.5,5017
50,1.0,0.4,10,10,30555.0,5017
50,1.0,0.4,15,3,9166.5,5017
50,1.0,0.4,15,5,15277.5,5017
50,1.0,0.4,15,7,21388.5,5017
50,1.0,0.4,15,10,30555.0,5017
50,1.0,0.4,20,3,9166.5,5017
50,1.0,0.4,20,5,15277.5,5017
50,1.0,0.4,20,7,21388.5,5017
50,1.0,0.4,20,10,30555.0,5017
50,1.0,0.4,25,3,9166.5,5017
50,1.0,0.4,25,5,15277.5,5017
50,1.0,0.4,25,7,21388.5,5017
50,1.0,0.4,25,10,30555.0,5017
50,1.0,0.4,30,3,9166.5,5017
50,1.0,0.4,30,5,15277.5,5017
50,1.0,0.4,30,7,21388.5,5017
50,1.0,0.4,30,10,30555.0,5017
50,1.0,0.5,10,3,10111.5,5469
50,1.0,0.5,10,5,16852.5,5469
50,1.0,0.5,10,7,23593.5,5469
50,1.0,0.5,10,10,33705.0,5469
50,1.0,0.5,15,3,10111.5,5469
50,1.0,0.5,15,5,16852.5,5469
50,1.0,0.5,15,7,23593.5,5469
50,1.0,0.5,15,10,33705.0,5469
50,1.0,0.5,20,3,10111.5,5469
50,1.0,0.5,20,5,16852.5,5469
50,1.0,0.5,20,7,23593.5,5469
50,1.0,0.5,20,10,33705.0,5469
50,1.0,0.5,25,3,10111.5,5469
50,1.0,0.5,25,5,16852.5,5469
50,1.0,0.5,25,7,23593.5,5469
50,1.0,0.5,25,10,33705.0,5469
50,1.0,0.5,30,3,10111.5,5469
50,1.0,0.5,30,5,16852.5,5469
50,1.0,0.5,30,7,23593.5,5469
50,1.0,0.5,30,10,33705.0,5469
50,1.0,0.6,10,3,10474.5,5855
50,1.0,0.6,10,5,17457.5,5855
50,1.0,0.6,10,7,24440.5,5855
50,1.0,0.6,10,10,34915.0,5855
50,1.0,0.6,15,3,10474.5,5855
50,1.0,0.6,15,5,17457.5,5855
50,1.0,0.6,15,7,24440.5,5855
50,1.0,0.6,15,10,34915.0,5855
50,1.0,0.6,20,3,10474.5,5855
50,1.0,0.6,20,5,17457.5,5855
50,1.0,0.6,20,7,24440.5,5855
50,1.0,0.6,20,10,34915.0,5855
50,1.0,0.6,25,3,10474.5,5855
50,1.0,0.6,25,5,17457.5,5855
50,1.0,0.6,25,7,24440.5,5855
50,1.0,0.6,25,10,34915.0,5855
50,1.0,0.6,30,3,10474.5,5855
50,1.0,0.6,30,5,17457.5,5855
50,1.0,0.6,30,7,24440.5,5855
50,1.0,0.6,30,10,34915.0,5855
50,1.0,0.7,10,3,10693.5,6145
50,1.0,0.7,10,5,17822.5,6145
50,1.0,0.7,10,7,24951.5,6145
50,1.0,0.7,10,10,35645.0,6145
50,1.0,0.7,15,3,10693.5,6145
50,1.0,0.7,15,5,17822.5,6145
50,1.0,0.7,15,7,24951.5,6145
50,1.0,0.7,15,10,35645.0,6145
50,1.0,0.7,20,3,10693.5,6145
50,1.0,0.7,20,5,17822.5,6145
50,1.0,0.7,20,7,24951.5,6145
50,1.0,0.7,20,10,35645.0,6145
50,1.0,0.7,25,3,10693.5,6145
50,1.0,0.7,25,5,17822.5,6145
50,1.0,0.7,25,7,24951.5,6145
50,1.0,0.7,25,10,35645.0,6145
50,1.0,0.7,30,3,10693.5,6145
50,1.0,0.7,30,5,17822.5,6145
50,1.0,0.7,30,7,24951.5,6145
50,1.0,0.7,30,10,35645.0,6145
50,1.5,0.3,10,3,4180.5,1781
50,1.5,0.3,10,5,6967.5,1781
50,1.5,0.3,10,7,9754.5,1781
50,1.5,0.3,10,10,13935.0,1781
50,1.5,0.3,15,3,4180.5,1781
50,1.5,0.3,15,5,6967.5,1781
50,1.5,0.3,15,7,9754.5,1781
50,1.5,0.3,15,10,13935.0,1781
50,1.5,0.3,20,3,4180.5,1781
50,1.5,0.3,20,5,6967.5,1781
50,1.5,0.3,20,7,9754.5,1781
50,1.5,0.3,20,10,13935.0,1781
50,1.5,0.3,25,3,4180.5,1781
50,1.5,0.3,25,5,6967.5,1781
50,1.5,0.3,25,7,9754.5,1781
50,1.5,0.3,25,10,13935.0,1781
50,1.5,0.3,30,3,4180.5,1781
50,1.5,0.3,30,5,6967.5,1781
50,1.5,0.3,30,7,9754.5,1781
50,1.5,0.3,30,10,13935.0,1781
50,1.5,0.4,10,3,4470.0,1895
50,1.5,0.4,10,5,7450.0,1895
50,1.5,0.4,10,7,10430.0,1895
50,1.5,0.4,10,10,14900.0,1895
50,1.5,0.4,15,3,4470.0,1895
50,1.5,0.4,15,5,7450.0,1895
50,1.5,0.4,15,7,10430.0,1895
50,1.5,0.4,15,10,14900.0,1895
50,1.5,0.4,20,3,4470.0,1895
50,1.5,0.4,20,5,7450.0,1895
50,1.5,0.4,20,7,10430.0,1895
50,1.5,0.4,20,10,14900.0,1895
50,1.5,0.4,25,3,4470.0,1895
50,1.5,0.4,25,5,7450.0,1895
50,1.5,0.4,25,7,10430.0,1895
50,1.5,0.4,25,10,14900.0,1895
50,1.5,0.4,30,3,4470.0,1895
50,1.5,0.4,30,5,7450.0,1895
50,1.5,0.4,30,7,10430.0,1895
50,1.5,0.4,30,10,14900.0,1895
50,1.5,0.5,10,3,4716.0,1995
50,1.5,0.5,10,5,7860.0,1995
50,1.5,0.5,10,7,11004.0,1995
50,1.5,0.5,10,10,15720.0,1995
50,1.5,0.5,15,3,4716.0,1995
50,1.5,0.5,15,5,7860.0,1995
50,1.5,0.5,15,7,11004.0,1995
50,1.5,0.5,15,10,15720.0,1995
50,1.5,0.5,20,3,4716.0,1995
50,1.5,0.5,20,5,7860.0,1995
50,1.5,0.5,20,7,11004.0,1995
50,1.5,0.5,20,10,15720.0,1995
50,1.5,0.5,25,3,4716.0,1995
50,1.5,0.5,25,5,7860.0,1995
50,1.5,0.5,25,7,11004.0,1995
50,1.5,0.5,25,10,15720.0,1995
50,1.5,0.5,30,3,4716.0,1995
50,1.5,0.5,30,5,7860.0,1995
50,1.5,0.5,30,7,11004.0,1995
50,1.5,0.5,30,10,15720.0,1995
50,1.5,0.6,10,3,4816.5,2109
50,1.5,0.6,10,5,8027.5,2109
50,1.5,0.6,10,7,11238.5,2109
50,1.5,0.6,10,10,16055.0,2109
50,1.5,0.6,15,3,4816.5,2109
50,1.5,0.6,15,5,8027.5,2109
50,1.5,0.6,15,7,11238.5,2109
50,1.5,0.6,15,10,16055.0,2109
50,1.5,0.6,20,3,4816.5,2109
50,1.5,0.6,20,5,8027.5,2109
50,1.5,0.6,20,7,11238.5,2109
50,1.5,0.6,20,10,16055.0,2109
50,1.5,0.6,25,3,4816.5,2109
50,1.5,0.6,25,5,8027.5,2109
50,1.5,0.6,25,7,11238.5,2109
50,1.5,0.6,25,10,16055.0,2109
50,1.5,0.6,30,3,4816.5,2109
50,1.5,0.6,30,5,8027.5,2109
50,1.5,0.6,30,7,11238.5,2109
50,1.5,0.6,30,10,16055.0,2109
50,1.5,0.7,10,3,4921.5,2215
50,1.5,0.7,10,5,8202.5,2215
50,1.5,0.7,10,7,11483.5,2215
50,1.5,0.7,10,10,16405.0,2215
50,1.5,0.7,15,3,4921.5,2215
50,1.5,0.7,15,5,8202.5,2215
50,1.5,0.7,15,7,11483.5,2215
50,1.5,0.7,15,10,16405.0,2215
50,1.5,0.7,20,3,4921.5,2215
50,1.5,0.7,20,5,8202.5,2215
50,1.5,0.7,20,7,11483.5,2215
50,1.5,0.7,20,10,16405.0,2215
50,1.5,0.7,25,3,4921.5,2215
50,1.5,0.7,25,5,8202.5,2215
50,1.5,0.7,25,7,11483.5,2215
50,1.5,0.7,25,10,16405.0,2215
50,1.5,0.7,30,3,4921.5,2215
50,1.5,0.7,30,5,8202.5,2215
50,1.5,0.7,30,7,11483.5,2215
50,1.5,0.7,30,10,16405.0,2215
50,2.0,0.3,10,3,1314.0,489
50,2.0,0.3,10,5,2190.0,489
50,2.0,0.3,10,7,3066.0,489
50,2.0,0.3,10,10,4380.0,489
50,2.0,0.3,15,3,1314.0,489
50,2.0,0.3,15,5,2190.0,489
50,2.0,0.3,15,7,3066.0,489
50,2.0,0.3,15,10,4380.0,489
50,2.0,0.3,20,3,1314.0,489
50,2.0,0.3,20,5,2190.0,489
50,2.0,0.3,20,7,3066.0,489
50,2.0,0.3,20,10,4380.0,489
50,2.0,0.3,25,3,1314.0,489
50,2.0,0.3,25,5,2190.0,489
50,2.0,0.3,25,7,3066.0,489
50,2.0,0.3,25,10,4380.0,489
50,2.0,0.3,30,3,1314.0,489
50,2.0,0.3,30,5,2190.0,489
50,2.0,0.3,30,7,3066.0,489
50,2.0,0.3,30,10,4380.0,489
50,2.0,0.4,10,3,1434.0,519
50,2.0,0.4,10,5,2390.0,519
50,2.0,0.4,10,7,3346.0,519
50,2.0,0.4,10,10,4780.0,519
50,2.0,0.4,15,3,1434.0,519
50,2.0,0.4,15,5,2390.0,519
50,2.0,0.4,15,7,3346.0,519
50,2.0,0.4,15,10,4780.0,519
50,2.0,0.4,20,3,1434.0,519
50,2.0,0.4,20,5,2390.0,519
50,2.0,0.4,20,7,3346.0,519
50,2.0,0.4,20,10,4780.0,519
50,2.0,0.4,25,3,1434.0,519
50,2.0,0.4,25,5,2390.0,519
50,2.0,0.4,25,7,3346.0,519
50,2.0,0.4,25,10,4780.0,519
50,2.0,0.4,30,3,1434.0,519
50,2.0,0.4,30,5,2390.0,519
50,2.0,0.4,30,7,3346.0,519
50,2.0,0.4,30,10,4780.0,519
50,2.0,0.5,10,3,1468.5,529
50,2.0,0.5,10,5,2447.5,529
50,2.0,0.5,10,7,3426.5,529
50,2.0,0.5,10,10,4895.0,529
50,2.0,0.5,15,3,1468.5,529
50,2.0,0.5,15,5,2447.5,529
50,2.0,0.5,15,7,3426.5,529
50,2.0,0.5,15,10,4895.0,529
50,2.0,0.5,20,3,1468.5,529
50,2.0,0.5,20,5,2447.5,529
50,2.0,0.5,20,7,3426.5,529
50,2.0,0.5,20,10,4895.0,529
50,2.0,0.5,25,3,1468.5,529
50,2.0,0.5,25,5,2447.5,529
50,2.0,0.5,25,7,3426.5,529
50,2.0,0.5,25,10,4895.0,529
50,2.0,0.5,30,3,1468.5,529
50,2.0,0.5,30,5,2447.5,529
50,2.0,0.5,30,7,3426.5,529
50,2.0,0.5,30,10,4895.0,529
50,2.0,0.6,10,3,1503.0,551
50,2.0,0.6,10,5,2505.0,551
50,2.0,0.6,10,7,3507.0,551
50,2.0,0.6,10,10,5010.0,551
50,2.0,0.6,15,3,1503.0,551
50,2.0,0.6,15,5,2505.0,551
50,2.0,0.6,15,7,3507.0,551
50,2.0,0.6,15,10,5010.0,551
50,2.0,0.6,20,3,1503.0,551
50,2.0,0.6,20,5,2505.0,551
50,2.0,0.6,20,7,3507.0,551
50,2.0,0.6,20,10,5010.0,551
50,2.0,0.6,25,3,1503.0,551
50,2.0,0.6,25,5,2505.0,551
50,2.0,0.6,25,7,3507.0,551
50,2.0,0.6,25,10,5010.0,551
50,2.0,0.6,30,3,1503.0,551
50,2.0,0.6,30,5,2505.0,551
50,2.0,0.6,30,7,3507.0,551
50,2.0,0.6,30,10,5010.0,551
50,2.0,0.7,10,3,1497.0,565
50,2.0,0.7,10,5,2495.0,565
50,2.0,0.7,10,7,3493.0,565
50,2.0,0.7,10,10,4990.0,565
50,2.0,0.7,15,3,1497.0,565
50,2.0,0.7,15,5,2495.0,565
50,2.0,0.7,15,7,3493.0,565
50,2.0,0.7,15,10,4990.0,565
50,2.0,0.7,20,3,1497.0,565
50,2.0,0.7,20,5,2495.0,565
50,2.0,0.7,20,7,3493.0,565
50,2.0,0.7,20,10,4990.0,565
50,2.0,0.7,25,3,1497.0,565
50,2.0,0.7,25,5,2495.0,565
50,2.0,0.7,25,7,3493.0,565
50,2.0,0.7,25,10,4990.0,565
50,2.0,0.7,30,3,1497.0,565
50,2.0,0.7,30,5,2495.0,565
50,2.0,0.7,30,7,3493.0,565
50,2.0,0.7,30,10,4990.0,565
50,2.5,0.3,10,3,400.5,143
50,2.5,0.3,10,5,667.5,143
50,2.5,0.3,10,7,934.5,143
50,2.5,0.3,10,10,1335.0,143
50,2.5,0.3,15,3,400.5,143
50,2.5,0.3,15,5,667.5,143
50,2.5,0.3,15,7,934.5,143
50,2.5,0.3,15,10,1335.0,143
50,2.5,0.3,20,3,400.5,143
50,2.5,0.3,20,5,667.5,143
50,2.5,0.3,20,7,934.5,143
50,2.5,0.3,20,10,1335.0,143
50,2.5,0.3,25,3,400.5,143
50,2.5,0.3,25,5,667.5,143
50,2.5,0.3,25,7,934.5,143
50,2.5,0.3,25,10,1335.0,143
50,2.5,0.3,30,3,400.5,143
50,2.5,0.3,30,5,667.5,143
50,2.5,0.3,30,7,934.5,143
50,2.5,0.3,30,10,1335.0,143
50,2.5,0.4,10,3,444.0,151
50,2.5,0.4,10,5,740.0,151
50,2.5,0.4,10,7,1036.0,151
50,2.5,0.4,10,10,1480.0,151
50,2.5,0.4,15,3,444.0,151
50,2.5,0.4,15,5,740.0,151
50,2.5,0.4,15,7,1036.0,151
50,2.5,0.4,15,10,1480.0,151
50,2.5,0.4,20,3,444.0,151
50,2.5,0.4,20,5,740.0,151
50,2.5,0.4,20,7,1036.0,151
50,2.5,0.4,20,10,1480.0,151
50,2.5,0.4,25,3,444.0,151
50,2.5,0.4,25,5,740.0,151
50,2.5,0.4,25,7,1036.0,151
50,2.5,0.4,25,10,1480.0,151
50,2.5,0.4,30,3,444.0,151
50,2.5,0.4,30,5,740.0,151
50,2.5,0.4,30,7,1036.0,151
50,2.5,0.4,30,10,1480.0,151
50,2.5,0.5,10,3,460.5,153
50,2.5,0.5,10,5,767.5,153
50,2.5,0.5,10,7,1074.5,153
50,2.5,0.5,10,10,1535.0,153
50,2.5,0.5,15,3,460.5,153
50,2.5,0.5,15,5,767.5,153
50,2.5,0.5,15,7,1074.5,153
50,2.5,0.5,15,10,1535.0,153
50,2.5,0.5,20,3,460.5,153
50,2.5,0.5,20,5,767.5,153
50,2.5,0.5,20,7,1074.5,153
50,2.5,0.5,20,10,1535.0,153
50,2.5,0.5,25,3,460.5,153
50,2.5,0.5,25,5,767.5,153
50,2.5,0.5,25,7,1074.5,153
50,2.5,0.5,25,10,1535.0,153
50,2.5,0.5,30,3,460.5,153
50,2.5,0.5,30,5,767.5,153
50,2.5,0.5,30,7,1074.5,153
50,2.5,0.5,30,10,1535.0,153
50,2.5,0.6,10,3,471.0,155
50,2.5,0.6,10,5,785.0,155
50,2.5,0.6,10,7,1099.0,155
50,2.5,0.6,10,10,1570.0,155
50,2.5,0.6,15,3,471.0,155
50,2.5,0.6,15,5,785.0,155
50,2.5,0.6,15,7,1099.0,155
50,2.5,0.6,15,10,1570.0,155
50,2.5,0.6,20,3,471.0,155
50,2.5,0.6,20,5,785.0,155
50,2.5,0.6,20,7,1099.0,155
50,2.5,0.6,20,10,1570.0,155
50,2.5,0.6,25,3,471.0,155
50,2.5,0.6,25,5,785.0,155
50,2.5,0.6,25,7,1099.0,155
50,2.5,0.6,25,10,1570.0,155
50,2.5,0.6,30,3,471.0,155
50,2.5,0.6,30,5,785.0,155
50,2.5,0.6,30,7,1099.0,155
50,2.5,0.6,30,10,1570.0,155
50,2.5,0.7,10,3,462.0,157
50,2.5,0.7,10,5,770.0,157
50,2.5,0.7,10,7,1078.0,157
50,2.5,0.7,10,10,1540.0,157
50,2.5,0.7,15,3,462.0,157
50,2.5,0.7,15,5,770.0,157
50,2.5,0.7,15,7,1078.0,157
50,2.5,0.7,15,10,1540.0,157
50,2.5,0.7,20,3,462.0,157
50,2.5,0.7,20,5,770.0,157
50,2.5,0.7,20,7,1078.0,157
50,2.5,0.7,20,10,1540.0,157
50,2.5,0.7,25,3,462.0,157
50,2.5,0.7,25,5,770.0,157
50,2.5,0.7,25,7,1078.0,157
50,2.5,0.7,25,10,1540.0,157
50,2.5,0.7,30,3,462.0,157
50,2.5,0.7,30,5,770.0,157
50,2.5,0.7,30,7,1078.0,157
50,2.5,0.7,30,10,1540.0,157
50,3.0,0.3,10,3,156.0,53
50,3.0,0.3,10,5,260.0,53
50,3.0,0.3,10,7,364.0,53
50,3.0,0.3,10,10,520.0,53
50,3.0,0.3,15,3,156.0,53
50,3.0,0.3,15,5,260.0,53
50,3.0,0.3,15,7,364.0,53
50,3.0,0.3,15,10,520.0,53
50,3.0,0.3,20,3,156.0,53
50,3.0,0.3,20,5,260.0,53
50,3.0,0.3,20,7,364.0,53
50,3.0,0.3,20,10,520.0,53
50,3.0,0.3,25,3,156.0,53
50,3.0,0.3,25,5,260.0,53
50,3.0,0.3,25,7,364.0,53
50,3.0,0.3,25,10,520.0,53
50,3.0,0.3,30,3,156.0,53
50,3.0,0.3,30,5,260.0,53
50,3.0,0.3,30,7,364.0,53
50,3.0,0.3,30,10,520.0,53
50,3.0,0.4,10,3,174.0,57
50,3.0,0.4,10,5,290.0,57
50,3.0,0.4,10,7,406.0,57
50,3.0,0.4,10,10,580.0,57
50,3.0,0.4,15,3,174.0,57
50,3.0,0.4,15,5,290.0,57
50,3.0,0.4,15,7,406.0,57
50,3.0,0.4,15,10,580.0,57
50,3.0,0.4,20,3,174.0,57
50,3.0,0.4,20,5,290.0,57
50,3.0,0.4,20,7,406.0,57
50,3.0,0.4,20,10,580.0,57
50,3.0,0.4,25,3,174.0,57
50,3.0,0.4,25,5,290.0,57
50,3.0,0.4,25,7,406.0,57
50,3.0,0.4,25,10,580.0,57
50,3.0,0.4,30,3,174.0,57
50,3.0,0.4,30,5,290.0,57
50,3.0,0.4,30,7,406.0,57
50,3.0,0.4,30,10,580.0,57
50,3.0,0.5,10,3,186.0,59
50,3.0,0.5,10,5,310.0,59
50,3.0,0.5,10,7,434.0,59
50,3.0,0.5,10,10,620.0,59
50,3.0,0.5,15,3,186.0,59
50,3.0,0.5,15,5,310.0,59
50,3.0,0.5,15,7,434.0,59
50,3.0,0.5,15,10,620.0,59
50,3.0,0.5,20,3,186.0,59
50,3.0,0.5,20,5,310.0,59
50,3.0,0.5,20,7,434.0,59
50,3.0,0.5,20,10,620.0,59
50,3.0,0.5,25,3,186.0,59
50,3.0,0.5,25,5,310.0,59
50,3.0,0.5,25,7,434.0,59
50,3.0,0.5,25,10,620.0,59
50,3.0,0.5,30,3,186.0,59
50,3.0,0.5,30,5,310.0,59
50,3.0,0.5,30,7,434.0,59
50,3.0,0.5,30,10,620.0,59
50,3.0,0.6,10,3,195.0,61
50,3.0,0.6,10,5,325.0,61
50,3.0,0.6,10,7,455.0,61
50,3.0,0.6,10,10,650.0,61
50,3.0,0.6,15,3,195.0,61
50,3.0,0.6,15,5,325.0,61
50,3.0,0.6,15,7,455.0,61
50,3.0,0.6,15,10,650.0,61
50,3.0,0.6,20,3,195.0,61
50,3.0,0.6,20,5,325.0,61
50,3.0,0.6,20,7,455.0,61
50,3.0,0.6,20,10,650.0,61
50,3.0,0.6,25,3,195.0,61
50,3.0,0.6,25,5,325.0,61
50,3.0,0.6,25,7,455.0,61
50,3.0,0.6,25,10,650.0,61
50,3.0,0.6,30,3,195.0,61
50,3.0,0.6,30,5,325.0,61
50,3.0,0.6,30,7,455.0,61
50,3.0,0.6,30,10,650.0,61
50,3.0,0.7,10,3,193.5,61
50,3.0,0.7,10,5,322.5,61
50,3.0,0.7,10,7,451.5,61
50,3.0,0.7,10,10,645.0,61
50,3.0,0.7,15,3,193.5,61
50,3.0,0.7,15,5,322.5,61
50,3.0,0.7,15,7,451.5,61
50,3.0,0.7,15,10,645.0,61
50,3.0,0.7,20,3,193.5,61
50,3.0,0.7,20,5,322.5,61
50,3.0,0.7,20,7,451.5,61
50,3.0,0.7,20,10,645.0,61
50,3.0,0.7,25,3,193.5,61
50,3.0,0.7,25,5,322.5,61
50,3.0,0.7,25,7,451.5,61
50,3.0,0.7,25,10,645.0,61
50,3.0,0.7,30,3,193.5,61
50,3.0,0.7,30,5,322.5,61
50,3.0,0.7,30,7,451.5,61
50,3.0,0.7,30,10,645.0,61
