imbalance_threshold,take_profit,stop_loss,position_limit,order_size,total_pnl,total_trades
0.2,1.0,0.5,10,3,27.0,324
0.2,1.0,0.5,10,5,45.0,324
0.2,1.0,0.5,10,7,63.0,324
0.2,1.0,0.5,10,10,90.0,324
0.2,1.0,0.5,15,3,27.0,324
0.2,1.0,0.5,15,5,45.0,324
0.2,1.0,0.5,15,7,63.0,324
0.2,1.0,0.5,15,10,90.0,324
0.2,1.0,0.5,20,3,27.0,324
0.2,1.0,0.5,20,5,45.0,324
0.2,1.0,0.5,20,7,63.0,324
0.2,1.0,0.5,20,10,90.0,324
0.2,1.0,0.5,25,3,27.0,324
0.2,1.0,0.5,25,5,45.0,324
0.2,1.0,0.5,25,7,63.0,324
0.2,1.0,0.5,25,10,90.0,324
0.2,1.0,0.5,30,3,27.0,324
0.2,1.0,0.5,30,5,45.0,324
0.2,1.0,0.5,30,7,63.0,324
0.2,1.0,0.5,30,10,90.0,324
0.2,1.0,1.0,10,3,21.0,324
0.2,1.0,1.0,10,5,35.0,324
0.2,1.0,1.0,10,7,49.0,324
0.2,1.0,1.0,10,10,70.0,324
0.2,1.0,1.0,15,3,21.0,324
0.2,1.0,1.0,15,5,35.0,324
0.2,1.0,1.0,15,7,49.0,324
0.2,1.0,1.0,15,10,70.0,324
0.2,1.0,1.0,20,3,21.0,324
0.2,1.0,1.0,20,5,35.0,324
0.2,1.0,1.0,20,7,49.0,324
0.2,1.0,1.0,20,10,70.0,324
0.2,1.0,1.0,25,3,21.0,324
0.2,1.0,1.0,25,5,35.0,324
0.2,1.0,1.0,25,7,49.0,324
0.2,1.0,1.0,25,10,70.0,324
0.2,1.0,1.0,30,3,21.0,324
0.2,1.0,1.0,30,5,35.0,324
0.2,1.0,1.0,30,7,49.0,324
0.2,1.0,1.0,30,10,70.0,324
0.2,1.0,1.5,10,3,-25.5,324
0.2,1.0,1.5,10,5,-42.5,324
0.2,1.0,1.5,10,7,-59.5,324
0.2,1.0,1.5,10,10,-85.0,324
0.2,1.0,1.5,15,3,-25.5,324
0.2,1.0,1.5,15,5,-42.5,324
0.2,1.0,1.5,15,7,-59.5,324
0.2,1.0,1.5,15,10,-85.0,324
0.2,1.0,1.5,20,3,-25.5,324
0.2,1.0,1.5,20,5,-42.5,324
0.2,1.0,1.5,20,7,-59.5,324
0.2,1.0,1.5,20,10,-85.0,324
0.2,1.0,1.5,25,3,-25.5,324
0.2,1.0,1.5,25,5,-42.5,324
0.2,1.0,1.5,25,7,-59.5,324
0.2,1.0,1.5,25,10,-85.0,324
0.2,1.0,1.5,30,3,-25.5,324
0.2,1.0,1.5,30,5,-42.5,324
0.2,1.0,1.5,30,7,-59.5,324
0.2,1.0,1.5,30,10,-85.0,324
0.2,1.0,2.0,10,3,-37.5,324
0.2,1.0,2.0,10,5,-62.5,324
0.2,1.0,2.0,10,7,-87.5,324
0.2,1.0,2.0,10,10,-125.0,324
0.2,1.0,2.0,15,3,-37.5,324
0.2,1.0,2.0,15,5,-62.5,324
0.2,1.0,2.0,15,7,-87.5,324
0.2,1.0,2.0,15,10,-125.0,324
0.2,1.0,2.0,20,3,-37.5,324
0.2,1.0,2.0,20,5,-62.5,324
0.2,1.0,2.0,20,7,-87.5,324
0.2,1.0,2.0,20,10,-125.0,324
0.2,1.0,2.0,25,3,-37.5,324
0.2,1.0,2.0,25,5,-62.5,324
0.2,1.0,2.0,25,7,-87.5,324
0.2,1.0,2.0,25,10,-125.0,324
0.2,1.0,2.0,30,3,-37.5,324
0.2,1.0,2.0,30,5,-62.5,324
0.2,1.0,2.0,30,7,-87.5,324
0.2,1.0,2.0,30,10,-125.0,324
0.2,1.0,2.5,10,3,-58.5,324
0.2,1.0,2.5,10,5,-97.5,324
0.2,1.0,2.5,10,7,-136.5,324
0.2,1.0,2.5,10,10,-195.0,324
0.2,1.0,2.5,15,3,-58.5,324
0.2,1.0,2.5,15,5,-97.5,324
0.2,1.0,2.5,15,7,-136.5,324
0.2,1.0,2.5,15,10,-195.0,324
0.2,1.0,2.5,20,3,-58.5,324
0.2,1.0,2.5,20,5,-97.5,324
0.2,1.0,2.5,20,7,-136.5,324
0.2,1.0,2.5,20,10,-195.0,324
0.2,1.0,2.5,25,3,-58.5,324
0.2,1.0,2.5,25,5,-97.5,324
0.2,1.0,2.5,25,7,-136.5,324
0.2,1.0,2.5,25,10,-195.0,324
0.2,1.0,2.5,30,3,-58.5,324
0.2,1.0,2.5,30,5,-97.5,324
0.2,1.0,2.5,30,7,-136.5,324
0.2,1.0,2.5,30,10,-195.0,324
0.2,2.0,0.5,10,3,67.5,324
0.2,2.0,0.5,10,5,112.5,324
0.2,2.0,0.5,10,7,157.5,324
0.2,2.0,0.5,10,10,225.0,324
0.2,2.0,0.5,15,3,67.5,324
0.2,2.0,0.5,15,5,112.5,324
0.2,2.0,0.5,15,7,157.5,324
0.2,2.0,0.5,15,10,225.0,324
0.2,2.0,0.5,20,3,67.5,324
0.2,2.0,0.5,20,5,112.5,324
0.2,2.0,0.5,20,7,157.5,324
0.2,2.0,0.5,20,10,225.0,324
0.2,2.0,0.5,25,3,67.5,324
0.2,2.0,0.5,25,5,112.5,324
0.2,2.0,0.5,25,7,157.5,324
0.2,2.0,0.5,25,10,225.0,324
0.2,2.0,0.5,30,3,67.5,324
0.2,2.0,0.5,30,5,112.5,324
0.2,2.0,0.5,30,7,157.5,324
0.2,2.0,0.5,30,10,225.0,324
0.2,2.0,1.0,10,3,45.0,324
0.2,2.0,1.0,10,5,75.0,324
0.2,2.0,1.0,10,7,105.0,324
0.2,2.0,1.0,10,10,150.0,324
0.2,2.0,1.0,15,3,45.0,324
0.2,2.0,1.0,15,5,75.0,324
0.2,2.0,1.0,15,7,105.0,324
0.2,2.0,1.0,15,10,150.0,324
0.2,2.0,1.0,20,3,45.0,324
0.2,2.0,1.0,20,5,75.0,324
0.2,2.0,1.0,20,7,105.0,324
0.2,2.0,1.0,20,10,150.0,324
0.2,2.0,1.0,25,3,45.0,324
0.2,2.0,1.0,25,5,75.0,324
0.2,2.0,1.0,25,7,105.0,324
0.2,2.0,1.0,25,10,150.0,324
0.2,2.0,1.0,30,3,45.0,324
0.2,2.0,1.0,30,5,75.0,324
0.2,2.0,1.0,30,7,105.0,324
0.2,2.0,1.0,30,10,150.0,324
0.2,2.0,1.5,10,3,3.0,324
0.2,2.0,1.5,10,5,5.0,324
0.2,2.0,1.5,10,7,7.0,324
0.2,2.0,1.5,10,10,10.0,324
0.2,2.0,1.5,15,3,3.0,324
0.2,2.0,1.5,15,5,5.0,324
0.2,2.0,1.5,15,7,7.0,324
0.2,2.0,1.5,15,10,10.0,324
0.2,2.0,1.5,20,3,3.0,324
0.2,2.0,1.5,20,5,5.0,324
0.2,2.0,1.5,20,7,7.0,324
0.2,2.0,1.5,20,10,10.0,324
0.2,2.0,1.5,25,3,3.0,324
0.2,2.0,1.5,25,5,5.0,324
0.2,2.0,1.5,25,7,7.0,324
0.2,2.0,1.5,25,10,10.0,324
0.2,2.0,1.5,30,3,3.0,324
0.2,2.0,1.5,30,5,5.0,324
0.2,2.0,1.5,30,7,7.0,324
0.2,2.0,1.5,30,10,10.0,324
0.2,2.0,2.0,10,3,30.0,324
0.2,2.0,2.0,10,5,50.0,324
0.2,2.0,2.0,10,7,70.0,324
0.2,2.0,2.0,10,10,100.0,324
0.2,2.0,2.0,15,3,30.0,324
0.2,2.0,2.0,15,5,50.0,324
0.2,2.0,2.0,15,7,70.0,324
0.2,2.0,2.0,15,10,100.0,324
0.2,2.0,2.0,20,3,30.0,324
0.2,2.0,2.0,20,5,50.0,324
0.2,2.0,2.0,20,7,70.0,324
0.2,2.0,2.0,20,10,100.0,324
0.2,2.0,2.0,25,3,30.0,324
0.2,2.0,2.0,25,5,50.0,324
0.2,2.0,2.0,25,7,70.0,324
0.2,2.0,2.0,25,10,100.0,324
0.2,2.0,2.0,30,3,30.0,324
0.2,2.0,2.0,30,5,50.0,324
0.2,2.0,2.0,30,7,70.0,324
0.2,2.0,2.0,30,10,100.0,324
0.2,2.0,2.5,10,3,22.5,324
0.2,2.0,2.5,10,5,37.5,324
0.2,2.0,2.5,10,7,52.5,324
0.2,2.0,2.5,10,10,75.0,324
0.2,2.0,2.5,15,3,22.5,324
0.2,2.0,2.5,15,5,37.5,324
0.2,2.0,2.5,15,7,52.5,324
0.2,2.0,2.5,15,10,75.0,324
0.2,2.0,2.5,20,3,22.5,324
0.2,2.0,2.5,20,5,37.5,324
0.2,2.0,2.5,20,7,52.5,324
0.2,2.0,2.5,20,10,75.0,324
0.2,2.0,2.5,25,3,22.5,324
0.2,2.0,2.5,25,5,37.5,324
0.2,2.0,2.5,25,7,52.5,324
0.2,2.0,2.5,25,10,75.0,324
0.2,2.0,2.5,30,3,22.5,324
0.2,2.0,2.5,30,5,37.5,324
0.2,2.0,2.5,30,7,52.5,324
0.2,2.0,2.5,30,10,75.0,324
0.2,3.0,0.5,10,3,21.0,322
0.2,3.0,0.5,10,5,35.0,322
0.2,3.0,0.5,10,7,49.0,322
0.2,3.0,0.5,10,10,70.0,322
0.2,3.0,0.5,15,3,21.0,322
0.2,3.0,0.5,15,5,35.0,322
0.2,3.0,0.5,15,7,49.0,322
0.2,3.0,0.5,15,10,70.0,322
0.2,3.0,0.5,20,3,21.0,322
0.2,3.0,0.5,20,5,35.0,322
0.2,3.0,0.5,20,7,49.0,322
0.2,3.0,0.5,20,10,70.0,322
0.2,3.0,0.5,25,3,21.0,322
0.2,3.0,0.5,25,5,35.0,322
0.2,3.0,0.5,25,7,49.0,322
0.2,3.0,0.5,25,10,70.0,322
0.2,3.0,0.5,30,3,21.0,322
0.2,3.0,0.5,30,5,35.0,322
0.2,3.0,0.5,30,7,49.0,322
0.2,3.0,0.5,30,10,70.0,322
0.2,3.0,1.0,10,3,1.5,320
0.2,3.0,1.0,10,5,2.5,320
0.2,3.0,1.0,10,7,3.5,320
0.2,3.0,1.0,10,10,5.0,320
0.2,3.0,1.0,15,3,1.5,320
0.2,3.0,1.0,15,5,2.5,320
0.2,3.0,1.0,15,7,3.5,320
0.2,3.0,1.0,15,10,5.0,320
0.2,3.0,1.0,20,3,1.5,320
0.2,3.0,1.0,20,5,2.5,320
0.2,3.0,1.0,20,7,3.5,320
0.2,3.0,1.0,20,10,5.0,320
0.2,3.0,1.0,25,3,1.5,320
0.2,3.0,1.0,25,5,2.5,320
0.2,3.0,1.0,25,7,3.5,320
0.2,3.0,1.0,25,10,5.0,320
0.2,3.0,1.0,30,3,1.5,320
0.2,3.0,1.0,30,5,2.5,320
0.2,3.0,1.0,30,7,3.5,320
0.2,3.0,1.0,30,10,5.0,320
0.2,3.0,1.5,10,3,-25.5,318
0.2,3.0,1.5,10,5,-42.5,318
0.2,3.0,1.5,10,7,-59.5,318
0.2,3.0,1.5,10,10,-85.0,318
0.2,3.0,1.5,15,3,-25.5,318
0.2,3.0,1.5,15,5,-42.5,318
0.2,3.0,1.5,15,7,-59.5,318
0.2,3.0,1.5,15,10,-85.0,318
0.2,3.0,1.5,20,3,-25.5,318
0.2,3.0,1.5,20,5,-42.5,318
0.2,3.0,1.5,20,7,-59.5,318
0.2,3.0,1.5,20,10,-85.0,318
0.2,3.0,1.5,25,3,-25.5,318
0.2,3.0,1.5,25,5,-42.5,318
0.2,3.0,1.5,25,7,-59.5,318
0.2,3.0,1.5,25,10,-85.0,318
0.2,3.0,1.5,30,3,-25.5,318
0.2,3.0,1.5,30,5,-42.5,318
0.2,3.0,1.5,30,7,-59.5,318
0.2,3.0,1.5,30,10,-85.0,318
0.2,3.0,2.0,10,3,-27.0,318
0.2,3.0,2.0,10,5,-45.0,318
0.2,3.0,2.0,10,7,-63.0,318
0.2,3.0,2.0,10,10,-90.0,318
0.2,3.0,2.0,15,3,-27.0,318
0.2,3.0,2.0,15,5,-45.0,318
0.2,3.0,2.0,15,7,-63.0,318
0.2,3.0,2.0,15,10,-90.0,318
0.2,3.0,2.0,20,3,-27.0,318
0.2,3.0,2.0,20,5,-45.0,318
0.2,3.0,2.0,20,7,-63.0,318
0.2,3.0,2.0,20,10,-90.0,318
0.2,3.0,2.0,25,3,-27.0,318
0.2,3.0,2.0,25,5,-45.0,318
0.2,3.0,2.0,25,7,-63.0,318
0.2,3.0,2.0,25,10,-90.0,318
0.2,3.0,2.0,30,3,-27.0,318
0.2,3.0,2.0,30,5,-45.0,318
0.2,3.0,2.0,30,7,-63.0,318
0.2,3.0,2.0,30,10,-90.0,318
0.2,3.0,2.5,10,3,-9.0,316
0.2,3.0,2.5,10,5,-15.0,316
0.2,3.0,2.5,10,7,-21.0,316
0.2,3.0,2.5,10,10,-30.0,316
0.2,3.0,2.5,15,3,-9.0,316
0.2,3.0,2.5,15,5,-15.0,316
0.2,3.0,2.5,15,7,-21.0,316
0.2,3.0,2.5,15,10,-30.0,316
0.2,3.0,2.5,20,3,-9.0,316
0.2,3.0,2.5,20,5,-15.0,316
0.2,3.0,2.5,20,7,-21.0,316
0.2,3.0,2.5,20,10,-30.0,316
0.2,3.0,2.5,25,3,-9.0,316
0.2,3.0,2.5,25,5,-15.0,316
0.2,3.0,2.5,25,7,-21.0,316
0.2,3.0,2.5,25,10,-30.0,316
0.2,3.0,2.5,30,3,-9.0,316
0.2,3.0,2.5,30,5,-15.0,316
0.2,3.0,2.5,30,7,-21.0,316
0.2,3.0,2.5,30,10,-30.0,316
0.2,4.0,0.5,10,3,22.5,320
0.2,4.0,0.5,10,5,37.5,320
0.2,4.0,0.5,10,7,52.5,320
0.2,4.0,0.5,10,10,75.0,320
0.2,4.0,0.5,15,3,22.5,320
0.2,4.0,0.5,15,5,37.5,320
0.2,4.0,0.5,15,7,52.5,320
0.2,4.0,0.5,15,10,75.0,320
0.2,4.0,0.5,20,3,22.5,320
0.2,4.0,0.5,20,5,37.5,320
0.2,4.0,0.5,20,7,52.5,320
0.2,4.0,0.5,20,10,75.0,320
0.2,4.0,0.5,25,3,22.5,320
0.2,4.0,0.5,25,5,37.5,320
0.2,4.0,0.5,25,7,52.5,320
0.2,4.0,0.5,25,10,75.0,320
0.2,4.0,0.5,30,3,22.5,320
0.2,4.0,0.5,30,5,37.5,320
0.2,4.0,0.5,30,7,52.5,320
0.2,4.0,0.5,30,10,75.0,320
0.2,4.0,1.0,10,3,6.0,318
0.2,4.0,1.0,10,5,10.0,318
0.2,4.0,1.0,10,7,14.0,318
0.2,4.0,1.0,10,10,20.0,318
0.2,4.0,1.0,15,3,6.0,318
0.2,4.0,1.0,15,5,10.0,318
0.2,4.0,1.0,15,7,14.0,318
0.2,4.0,1.0,15,10,20.0,318
0.2,4.0,1.0,20,3,6.0,318
0.2,4.0,1.0,20,5,10.0,318
0.2,4.0,1.0,20,7,14.0,318
0.2,4.0,1.0,20,10,20.0,318
0.2,4.0,1.0,25,3,6.0,318
0.2,4.0,1.0,25,5,10.0,318
0.2,4.0,1.0,25,7,14.0,318
0.2,4.0,1.0,25,10,20.0,318
0.2,4.0,1.0,30,3,6.0,318
0.2,4.0,1.0,30,5,10.0,318
0.2,4.0,1.0,30,7,14.0,318
0.2,4.0,1.0,30,10,20.0,318
0.2,4.0,1.5,10,3,-52.5,316
0.2,4.0,1.5,10,5,-87.5,316
0.2,4.0,1.5,10,7,-122.5,316
0.2,4.0,1.5,10,10,-175.0,316
0.2,4.0,1.5,15,3,-52.5,316
0.2,4.0,1.5,15,5,-87.5,316
0.2,4.0,1.5,15,7,-122.5,316
0.2,4.0,1.5,15,10,-175.0,316
0.2,4.0,1.5,20,3,-52.5,316
0.2,4.0,1.5,20,5,-87.5,316
0.2,4.0,1.5,20,7,-122.5,316
0.2,4.0,1.5,20,10,-175.0,316
0.2,4.0,1.5,25,3,-52.5,316
0.2,4.0,1.5,25,5,-87.5,316
0.2,4.0,1.5,25,7,-122.5,316
0.2,4.0,1.5,25,10,-175.0,316
0.2,4.0,1.5,30,3,-52.5,316
0.2,4.0,1.5,30,5,-87.5,316
0.2,4.0,1.5,30,7,-122.5,316
0.2,4.0,1.5,30,10,-175.0,316
0.2,4.0,2.0,10,3,-73.5,316
0.2,4.0,2.0,10,5,-122.5,316
0.2,4.0,2.0,10,7,-171.5,316
0.2,4.0,2.0,10,10,-245.0,316
0.2,4.0,2.0,15,3,-73.5,316
0.2,4.0,2.0,15,5,-122.5,316
0.2,4.0,2.0,15,7,-171.5,316
0.2,4.0,2.0,15,10,-245.0,316
0.2,4.0,2.0,20,3,-73.5,316
0.2,4.0,2.0,20,5,-122.5,316
0.2,4.0,2.0,20,7,-171.5,316
0.2,4.0,2.0,20,10,-245.0,316
0.2,4.0,2.0,25,3,-73.5,316
0.2,4.0,2.0,25,5,-122.5,316
0.2,4.0,2.0,25,7,-171.5,316
0.2,4.0,2.0,25,10,-245.0,316
0.2,4.0,2.0,30,3,-73.5,316
0.2,4.0,2.0,30,5,-122.5,316
0.2,4.0,2.0,30,7,-171.5,316
0.2,4.0,2.0,30,10,-245.0,316
0.2,4.0,2.5,10,3,-85.5,312
0.2,4.0,2.5,10,5,-142.5,312
0.2,4.0,2.5,10,7,-199.5,312
0.2,4.0,2.5,10,10,-285.0,312
0.2,4.0,2.5,15,3,-85.5,312
0.2,4.0,2.5,15,5,-142.5,312
0.2,4.0,2.5,15,7,-199.5,312
0.2,4.0,2.5,15,10,-285.0,312
0.2,4.0,2.5,20,3,-85.5,312
0.2,4.0,2.5,20,5,-142.5,312
0.2,4.0,2.5,20,7,-199.5,312
0.2,4.0,2.5,20,10,-285.0,312
0.2,4.0,2.5,25,3,-85.5,312
0.2,4.0,2.5,25,5,-142.5,312
0.2,4.0,2.5,25,7,-199.5,312
0.2,4.0,2.5,25,10,-285.0,312
0.2,4.0,2.5,30,3,-85.5,312
0.2,4.0,2.5,30,5,-142.5,312
0.2,4.0,2.5,30,7,-199.5,312
0.2,4.0,2.5,30,10,-285.0,312
0.2,5.0,0.5,10,3,96.0,318
0.2,5.0,0.5,10,5,160.0,318
0.2,5.0,0.5,10,7,224.0,318
0.2,5.0,0.5,10,10,320.0,318
0.2,5.0,0.5,15,3,96.0,318
0.2,5.0,0.5,15,5,160.0,318
0.2,5.0,0.5,15,7,224.0,318
0.2,5.0,0.5,15,10,320.0,318
0.2,5.0,0.5,20,3,96.0,318
0.2,5.0,0.5,20,5,160.0,318
0.2,5.0,0.5,20,7,224.0,318
0.2,5.0,0.5,20,10,320.0,318
0.2,5.0,0.5,25,3,96.0,318
0.2,5.0,0.5,25,5,160.0,318
0.2,5.0,0.5,25,7,224.0,318
0.2,5.0,0.5,25,10,320.0,318
0.2,5.0,0.5,30,3,96.0,318
0.2,5.0,0.5,30,5,160.0,318
0.2,5.0,0.5,30,7,224.0,318
0.2,5.0,0.5,30,10,320.0,318
0.2,5.0,1.0,10,3,108.0,316
0.2,5.0,1.0,10,5,180.0,316
0.2,5.0,1.0,10,7,252.0,316
0.2,5.0,1.0,10,10,360.0,316
0.2,5.0,1.0,15,3,108.0,316
0.2,5.0,1.0,15,5,180.0,316
0.2,5.0,1.0,15,7,252.0,316
0.2,5.0,1.0,15,10,360.0,316
0.2,5.0,1.0,20,3,108.0,316
0.2,5.0,1.0,20,5,180.0,316
0.2,5.0,1.0,20,7,252.0,316
0.2,5.0,1.0,20,10,360.0,316
0.2,5.0,1.0,25,3,108.0,316
0.2,5.0,1.0,25,5,180.0,316
0.2,5.0,1.0,25,7,252.0,316
0.2,5.0,1.0,25,10,360.0,316
0.2,5.0,1.0,30,3,108.0,316
0.2,5.0,1.0,30,5,180.0,316
0.2,5.0,1.0,30,7,252.0,316
0.2,5.0,1.0,30,10,360.0,316
0.2,5.0,1.5,10,3,42.0,314
0.2,5.0,1.5,10,5,70.0,314
0.2,5.0,1.5,10,7,98.0,314
0.2,5.0,1.5,10,10,140.0,314
0.2,5.0,1.5,15,3,42.0,314
0.2,5.0,1.5,15,5,70.0,314
0.2,5.0,1.5,15,7,98.0,314
0.2,5.0,1.5,15,10,140.0,314
0.2,5.0,1.5,20,3,42.0,314
0.2,5.0,1.5,20,5,70.0,314
0.2,5.0,1.5,20,7,98.0,314
0.2,5.0,1.5,20,10,140.0,314
0.2,5.0,1.5,25,3,42.0,314
0.2,5.0,1.5,25,5,70.0,314
0.2,5.0,1.5,25,7,98.0,314
0.2,5.0,1.5,25,10,140.0,314
0.2,5.0,1.5,30,3,42.0,314
0.2,5.0,1.5,30,5,70.0,314
0.2,5.0,1.5,30,7,98.0,314
0.2,5.0,1.5,30,10,140.0,314
0.2,5.0,2.0,10,3,7.5,314
0.2,5.0,2.0,10,5,12.5,314
0.2,5.0,2.0,10,7,17.5,314
0.2,5.0,2.0,10,10,25.0,314
0.2,5.0,2.0,15,3,7.5,314
0.2,5.0,2.0,15,5,12.5,314
0.2,5.0,2.0,15,7,17.5,314
0.2,5.0,2.0,15,10,25.0,314
0.2,5.0,2.0,20,3,7.5,314
0.2,5.0,2.0,20,5,12.5,314
0.2,5.0,2.0,20,7,17.5,314
0.2,5.0,2.0,20,10,25.0,314
0.2,5.0,2.0,25,3,7.5,314
0.2,5.0,2.0,25,5,12.5,314
0.2,5.0,2.0,25,7,17.5,314
0.2,5.0,2.0,25,10,25.0,314
0.2,5.0,2.0,30,3,7.5,314
0.2,5.0,2.0,30,5,12.5,314
0.2,5.0,2.0,30,7,17.5,314
0.2,5.0,2.0,30,10,25.0,314
0.2,5.0,2.5,10,3,18.0,310
0.2,5.0,2.5,10,5,30.0,310
0.2,5.0,2.5,10,7,42.0,310
0.2,5.0,2.5,10,10,60.0,310
0.2,5.0,2.5,15,3,18.0,310
0.2,5.0,2.5,15,5,30.0,310
0.2,5.0,2.5,15,7,42.0,310
0.2,5.0,2.5,15,10,60.0,310
0.2,5.0,2.5,20,3,18.0,310
0.2,5.0,2.5,20,5,30.0,310
0.2,5.0,2.5,20,7,42.0,310
0.2,5.0,2.5,20,10,60.0,310
0.2,5.0,2.5,25,3,18.0,310
0.2,5.0,2.5,25,5,30.0,310
0.2,5.0,2.5,25,7,42.0,310
0.2,5.0,2.5,25,10,60.0,310
0.2,5.0,2.5,30,3,18.0,310
0.2,5.0,2.5,30,5,30.0,310
0.2,5.0,2.5,30,7,42.0,310
0.2,5.0,2.5,30,10,60.0,310
0.3,1.0,0.5,10,3,150.0,90
0.3,1.0,0.5,10,5,250.0,90
0.3,1.0,0.5,10,7,350.0,90
0.3,1.0,0.5,10,10,500.0,90
0.3,1.0,0.5,15,3,150.0,90
0.3,1.0,0.5,15,5,250.0,90
0.3,1.0,0.5,15,7,350.0,90
0.3,1.0,0.5,15,10,500.0,90
0.3,1.0,0.5,20,3,150.0,90
0.3,1.0,0.5,20,5,250.0,90
0.3,1.0,0.5,20,7,350.0,90
0.3,1.0,0.5,20,10,500.0,90
0.3,1.0,0.5,25,3,150.0,90
0.3,1.0,0.5,25,5,250.0,90
0.3,1.0,0.5,25,7,350.0,90
0.3,1.0,0.5,25,10,500.0,90
0.3,1.0,0.5,30,3,150.0,90
0.3,1.0,0.5,30,5,250.0,90
0.3,1.0,0.5,30,7,350.0,90
0.3,1.0,0.5,30,10,500.0,90
0.3,1.0,1.0,10,3,141.0,90
0.3,1.0,1.0,10,5,235.0,90
0.3,1.0,1.0,10,7,329.0,90
0.3,1.0,1.0,10,10,470.0,90
0.3,1.0,1.0,15,3,141.0,90
0.3,1.0,1.0,15,5,235.0,90
0.3,1.0,1.0,15,7,329.0,90
0.3,1.0,1.0,15,10,470.0,90
0.3,1.0,1.0,20,3,141.0,90
0.3,1.0,1.0,20,5,235.0,90
0.3,1.0,1.0,20,7,329.0,90
0.3,1.0,1.0,20,10,470.0,90
0.3,1.0,1.0,25,3,141.0,90
0.3,1.0,1.0,25,5,235.0,90
0.3,1.0,1.0,25,7,329.0,90
0.3,1.0,1.0,25,10,470.0,90
0.3,1.0,1.0,30,3,141.0,90
0.3,1.0,1.0,30,5,235.0,90
0.3,1.0,1.0,30,7,329.0,90
0.3,1.0,1.0,30,10,470.0,90
0.3,1.0,1.5,10,3,129.0,90
0.3,1.0,1.5,10,5,215.0,90
0.3,1.0,1.5,10,7,301.0,90
0.3,1.0,1.5,10,10,430.0,90
0.3,1.0,1.5,15,3,129.0,90
0.3,1.0,1.5,15,5,215.0,90
0.3,1.0,1.5,15,7,301.0,90
0.3,1.0,1.5,15,10,430.0,90
0.3,1.0,1.5,20,3,129.0,90
0.3,1.0,1.5,20,5,215.0,90
0.3,1.0,1.5,20,7,301.0,90
0.3,1.0,1.5,20,10,430.0,90
0.3,1.0,1.5,25,3,129.0,90
0.3,1.0,1.5,25,5,215.0,90
0.3,1.0,1.5,25,7,301.0,90
0.3,1.0,1.5,25,10,430.0,90
0.3,1.0,1.5,30,3,129.0,90
0.3,1.0,1.5,30,5,215.0,90
0.3,1.0,1.5,30,7,301.0,90
0.3,1.0,1.5,30,10,430.0,90
0.3,1.0,2.0,10,3,135.0,90
0.3,1.0,2.0,10,5,225.0,90
0.3,1.0,2.0,10,7,315.0,90
0.3,1.0,2.0,10,10,450.0,90
0.3,1.0,2.0,15,3,135.0,90
0.3,1.0,2.0,15,5,225.0,90
0.3,1.0,2.0,15,7,315.0,90
0.3,1.0,2.0,15,10,450.0,90
0.3,1.0,2.0,20,3,135.0,90
0.3,1.0,2.0,20,5,225.0,90
0.3,1.0,2.0,20,7,315.0,90
0.3,1.0,2.0,20,10,450.0,90
0.3,1.0,2.0,25,3,135.0,90
0.3,1.0,2.0,25,5,225.0,90
0.3,1.0,2.0,25,7,315.0,90
0.3,1.0,2.0,25,10,450.0,90
0.3,1.0,2.0,30,3,135.0,90
0.3,1.0,2.0,30,5,225.0,90
0.3,1.0,2.0,30,7,315.0,90
0.3,1.0,2.0,30,10,450.0,90
0.3,1.0,2.5,10,3,123.0,90
0.3,1.0,2.5,10,5,205.0,90
0.3,1.0,2.5,10,7,287.0,90
0.3,1.0,2.5,10,10,410.0,90
0.3,1.0,2.5,15,3,123.0,90
0.3,1.0,2.5,15,5,205.0,90
0.3,1.0,2.5,15,7,287.0,90
0.3,1.0,2.5,15,10,410.0,90
0.3,1.0,2.5,20,3,123.0,90
0.3,1.0,2.5,20,5,205.0,90
0.3,1.0,2.5,20,7,287.0,90
0.3,1.0,2.5,20,10,410.0,90
0.3,1.0,2.5,25,3,123.0,90
0.3,1.0,2.5,25,5,205.0,90
0.3,1.0,2.5,25,7,287.0,90
0.3,1.0,2.5,25,10,410.0,90
0.3,1.0,2.5,30,3,123.0,90
0.3,1.0,2.5,30,5,205.0,90
0.3,1.0,2.5,30,7,287.0,90
0.3,1.0,2.5,30,10,410.0,90
0.3,2.0,0.5,10,3,184.5,90
0.3,2.0,0.5,10,5,307.5,90
0.3,2.0,0.5,10,7,430.5,90
0.3,2.0,0.5,10,10,615.0,90
0.3,2.0,0.5,15,3,184.5,90
0.3,2.0,0.5,15,5,307.5,90
0.3,2.0,0.5,15,7,430.5,90
0.3,2.0,0.5,15,10,615.0,90
0.3,2.0,0.5,20,3,184.5,90
0.3,2.0,0.5,20,5,307.5,90
0.3,2.0,0.5,20,7,430.5,90
0.3,2.0,0.5,20,10,615.0,90
0.3,2.0,0.5,25,3,184.5,90
0.3,2.0,0.5,25,5,307.5,90
0.3,2.0,0.5,25,7,430.5,90
0.3,2.0,0.5,25,10,615.0,90
0.3,2.0,0.5,30,3,184.5,90
0.3,2.0,0.5,30,5,307.5,90
0.3,2.0,0.5,30,7,430.5,90
0.3,2.0,0.5,30,10,615.0,90
0.3,2.0,1.0,10,3,177.0,90
0.3,2.0,1.0,10,5,295.0,90
0.3,2.0,1.0,10,7,413.0,90
0.3,2.0,1.0,10,10,590.0,90
0.3,2.0,1.0,15,3,177.0,90
0.3,2.0,1.0,15,5,295.0,90
0.3,2.0,1.0,15,7,413.0,90
0.3,2.0,1.0,15,10,590.0,90
0.3,2.0,1.0,20,3,177.0,90
0.3,2.0,1.0,20,5,295.0,90
0.3,2.0,1.0,20,7,413.0,90
0.3,2.0,1.0,20,10,590.0,90
0.3,2.0,1.0,25,3,177.0,90
0.3,2.0,1.0,25,5,295.0,90
0.3,2.0,1.0,25,7,413.0,90
0.3,2.0,1.0,25,10,590.0,90
0.3,2.0,1.0,30,3,177.0,90
0.3,2.0,1.0,30,5,295.0,90
0.3,2.0,1.0,30,7,413.0,90
0.3,2.0,1.0,30,10,590.0,90
0.3,2.0,1.5,10,3,160.5,90
0.3,2.0,1.5,10,5,267.5,90
0.3,2.0,1.5,10,7,374.5,90
0.3,2.0,1.5,10,10,535.0,90
0.3,2.0,1.5,15,3,160.5,90
0.3,2.0,1.5,15,5,267.5,90
0.3,2.0,1.5,15,7,374.5,90
0.3,2.0,1.5,15,10,535.0,90
0.3,2.0,1.5,20,3,160.5,90
0.3,2.0,1.5,20,5,267.5,90
0.3,2.0,1.5,20,7,374.5,90
0.3,2.0,1.5,20,10,535.0,90
0.3,2.0,1.5,25,3,160.5,90
0.3,2.0,1.5,25,5,267.5,90
0.3,2.0,1.5,25,7,374.5,90
0.3,2.0,1.5,25,10,535.0,90
0.3,2.0,1.5,30,3,160.5,90
0.3,2.0,1.5,30,5,267.5,90
0.3,2.0,1.5,30,7,374.5,90
0.3,2.0,1.5,30,10,535.0,90
0.3,2.0,2.0,10,3,169.5,90
0.3,2.0,2.0,10,5,282.5,90
0.3,2.0,2.0,10,7,395.5,90
0.3,2.0,2.0,10,10,565.0,90
0.3,2.0,2.0,15,3,169.5,90
0.3,2.0,2.0,15,5,282.5,90
0.3,2.0,2.0,15,7,395.5,90
0.3,2.0,2.0,15,10,565.0,90
0.3,2.0,2.0,20,3,169.5,90
0.3,2.0,2.0,20,5,282.5,90
0.3,2.0,2.0,20,7,395.5,90
0.3,2.0,2.0,20,10,565.0,90
0.3,2.0,2.0,25,3,169.5,90
0.3,2.0,2.0,25,5,282.5,90
0.3,2.0,2.0,25,7,395.5,90
0.3,2.0,2.0,25,10,565.0,90
0.3,2.0,2.0,30,3,169.5,90
0.3,2.0,2.0,30,5,282.5,90
0.3,2.0,2.0,30,7,395.5,90
0.3,2.0,2.0,30,10,565.0,90
0.3,2.0,2.5,10,3,150.0,90
0.3,2.0,2.5,10,5,250.0,90
0.3,2.0,2.5,10,7,350.0,90
0.3,2.0,2.5,10,10,500.0,90
0.3,2.0,2.5,15,3,150.0,90
0.3,2.0,2.5,15,5,250.0,90
0.3,2.0,2.5,15,7,350.0,90
0.3,2.0,2.5,15,10,500.0,90
0.3,2.0,2.5,20,3,150.0,90
0.3,2.0,2.5,20,5,250.0,90
0.3,2.0,2.5,20,7,350.0,90
0.3,2.0,2.5,20,10,500.0,90
0.3,2.0,2.5,25,3,150.0,90
0.3,2.0,2.5,25,5,250.0,90
0.3,2.0,2.5,25,7,350.0,90
0.3,2.0,2.5,25,10,500.0,90
0.3,2.0,2.5,30,3,150.0,90
0.3,2.0,2.5,30,5,250.0,90
0.3,2.0,2.5,30,7,350.0,90
0.3,2.0,2.5,30,10,500.0,90
0.3,3.0,0.5,10,3,150.0,90
0.3,3.0,0.5,10,5,250.0,90
0.3,3.0,0.5,10,7,350.0,90
0.3,3.0,0.5,10,10,500.0,90
0.3,3.0,0.5,15,3,150.0,90
0.3,3.0,0.5,15,5,250.0,90
0.3,3.0,0.5,15,7,350.0,90
0.3,3.0,0.5,15,10,500.0,90
0.3,3.0,0.5,20,3,150.0,90
0.3,3.0,0.5,20,5,250.0,90
0.3,3.0,0.5,20,7,350.0,90
0.3,3.0,0.5,20,10,500.0,90
0.3,3.0,0.5,25,3,150.0,90
0.3,3.0,0.5,25,5,250.0,90
0.3,3.0,0.5,25,7,350.0,90
0.3,3.0,0.5,25,10,500.0,90
0.3,3.0,0.5,30,3,150.0,90
0.3,3.0,0.5,30,5,250.0,90
0.3,3.0,0.5,30,7,350.0,90
0.3,3.0,0.5,30,10,500.0,90
0.3,3.0,1.0,10,3,127.5,90
0.3,3.0,1.0,10,5,212.5,90
0.3,3.0,1.0,10,7,297.5,90
0.3,3.0,1.0,10,10,425.0,90
0.3,3.0,1.0,15,3,127.5,90
0.3,3.0,1.0,15,5,212.5,90
0.3,3.0,1.0,15,7,297.5,90
0.3,3.0,1.0,15,10,425.0,90
0.3,3.0,1.0,20,3,127.5,90
0.3,3.0,1.0,20,5,212.5,90
0.3,3.0,1.0,20,7,297.5,90
0.3,3.0,1.0,20,10,425.0,90
0.3,3.0,1.0,25,3,127.5,90
0.3,3.0,1.0,25,5,212.5,90
0.3,3.0,1.0,25,7,297.5,90
0.3,3.0,1.0,25,10,425.0,90
0.3,3.0,1.0,30,3,127.5,90
0.3,3.0,1.0,30,5,212.5,90
0.3,3.0,1.0,30,7,297.5,90
0.3,3.0,1.0,30,10,425.0,90
0.3,3.0,1.5,10,3,102.0,90
0.3,3.0,1.5,10,5,170.0,90
0.3,3.0,1.5,10,7,238.0,90
0.3,3.0,1.5,10,10,340.0,90
0.3,3.0,1.5,15,3,102.0,90
0.3,3.0,1.5,15,5,170.0,90
0.3,3.0,1.5,15,7,238.0,90
0.3,3.0,1.5,15,10,340.0,90
0.3,3.0,1.5,20,3,102.0,90
0.3,3.0,1.5,20,5,170.0,90
0.3,3.0,1.5,20,7,238.0,90
0.3,3.0,1.5,20,10,340.0,90
0.3,3.0,1.5,25,3,102.0,90
0.3,3.0,1.5,25,5,170.0,90
0.3,3.0,1.5,25,7,238.0,90
0.3,3.0,1.5,25,10,340.0,90
0.3,3.0,1.5,30,3,102.0,90
0.3,3.0,1.5,30,5,170.0,90
0.3,3.0,1.5,30,7,238.0,90
0.3,3.0,1.5,30,10,340.0,90
0.3,3.0,2.0,10,3,102.0,90
0.3,3.0,2.0,10,5,170.0,90
0.3,3.0,2.0,10,7,238.0,90
0.3,3.0,2.0,10,10,340.0,90
0.3,3.0,2.0,15,3,102.0,90
0.3,3.0,2.0,15,5,170.0,90
0.3,3.0,2.0,15,7,238.0,90
0.3,3.0,2.0,15,10,340.0,90
0.3,3.0,2.0,20,3,102.0,90
0.3,3.0,2.0,20,5,170.0,90
0.3,3.0,2.0,20,7,238.0,90
0.3,3.0,2.0,20,10,340.0,90
0.3,3.0,2.0,25,3,102.0,90
0.3,3.0,2.0,25,5,170.0,90
0.3,3.0,2.0,25,7,238.0,90
0.3,3.0,2.0,25,10,340.0,90
0.3,3.0,2.0,30,3,102.0,90
0.3,3.0,2.0,30,5,170.0,90
0.3,3.0,2.0,30,7,238.0,90
0.3,3.0,2.0,30,10,340.0,90
0.3,3.0,2.5,10,3,93.0,90
0.3,3.0,2.5,10,5,155.0,90
0.3,3.0,2.5,10,7,217.0,90
0.3,3.0,2.5,10,10,310.0,90
0.3,3.0,2.5,15,3,93.0,90
0.3,3.0,2.5,15,5,155.0,90
0.3,3.0,2.5,15,7,217.0,90
0.3,3.0,2.5,15,10,310.0,90
0.3,3.0,2.5,20,3,93.0,90
0.3,3.0,2.5,20,5,155.0,90
0.3,3.0,2.5,20,7,217.0,90
0.3,3.0,2.5,20,10,310.0,90
0.3,3.0,2.5,25,3,93.0,90
0.3,3.0,2.5,25,5,155.0,90
0.3,3.0,2.5,25,7,217.0,90
0.3,3.0,2.5,25,10,310.0,90
0.3,3.0,2.5,30,3,93.0,90
0.3,3.0,2.5,30,5,155.0,90
0.3,3.0,2.5,30,7,217.0,90
0.3,3.0,2.5,30,10,310.0,90
0.3,4.0,0.5,10,3,147.0,88
0.3,4.0,0.5,10,5,245.0,88
0.3,4.0,0.5,10,7,343.0,88
0.3,4.0,0.5,10,10,490.0,88
0.3,4.0,0.5,15,3,147.0,88
0.3,4.0,0.5,15,5,245.0,88
0.3,4.0,0.5,15,7,343.0,88
0.3,4.0,0.5,15,10,490.0,88
0.3,4.0,0.5,20,3,147.0,88
0.3,4.0,0.5,20,5,245.0,88
0.3,4.0,0.5,20,7,343.0,88
0.3,4.0,0.5,20,10,490.0,88
0.3,4.0,0.5,25,3,147.0,88
0.3,4.0,0.5,25,5,245.0,88
0.3,4.0,0.5,25,7,343.0,88
0.3,4.0,0.5,25,10,490.0,88
0.3,4.0,0.5,30,3,147.0,88
0.3,4.0,0.5,30,5,245.0,88
0.3,4.0,0.5,30,7,343.0,88
0.3,4.0,0.5,30,10,490.0,88
0.3,4.0,1.0,10,3,139.5,88
0.3,4.0,1.0,10,5,232.5,88
0.3,4.0,1.0,10,7,325.5,88
0.3,4.0,1.0,10,10,465.0,88
0.3,4.0,1.0,15,3,139.5,88
0.3,4.0,1.0,15,5,232.5,88
0.3,4.0,1.0,15,7,325.5,88
0.3,4.0,1.0,15,10,465.0,88
0.3,4.0,1.0,20,3,139.5,88
0.3,4.0,1.0,20,5,232.5,88
0.3,4.0,1.0,20,7,325.5,88
0.3,4.0,1.0,20,10,465.0,88
0.3,4.0,1.0,25,3,139.5,88
0.3,4.0,1.0,25,5,232.5,88
0.3,4.0,1.0,25,7,325.5,88
0.3,4.0,1.0,25,10,465.0,88
0.3,4.0,1.0,30,3,139.5,88
0.3,4.0,1.0,30,5,232.5,88
0.3,4.0,1.0,30,7,325.5,88
0.3,4.0,1.0,30,10,465.0,88
0.3,4.0,1.5,10,3,102.0,88
0.3,4.0,1.5,10,5,170.0,88
0.3,4.0,1.5,10,7,238.0,88
0.3,4.0,1.5,10,10,340.0,88
0.3,4.0,1.5,15,3,102.0,88
0.3,4.0,1.5,15,5,170.0,88
0.3,4.0,1.5,15,7,238.0,88
0.3,4.0,1.5,15,10,340.0,88
0.3,4.0,1.5,20,3,102.0,88
0.3,4.0,1.5,20,5,170.0,88
0.3,4.0,1.5,20,7,238.0,88
0.3,4.0,1.5,20,10,340.0,88
0.3,4.0,1.5,25,3,102.0,88
0.3,4.0,1.5,25,5,170.0,88
0.3,4.0,1.5,25,7,238.0,88
0.3,4.0,1.5,25,10,340.0,88
0.3,4.0,1.5,30,3,102.0,88
0.3,4.0,1.5,30,5,170.0,88
0.3,4.0,1.5,30,7,238.0,88
0.3,4.0,1.5,30,10,340.0,88
0.3,4.0,2.0,10,3,64.5,88
0.3,4.0,2.0,10,5,107.5,88
0.3,4.0,2.0,10,7,150.5,88
0.3,4.0,2.0,10,10,215.0,88
0.3,4.0,2.0,15,3,64.5,88
0.3,4.0,2.0,15,5,107.5,88
0.3,4.0,2.0,15,7,150.5,88
0.3,4.0,2.0,15,10,215.0,88
0.3,4.0,2.0,20,3,64.5,88
0.3,4.0,2.0,20,5,107.5,88
0.3,4.0,2.0,20,7,150.5,88
0.3,4.0,2.0,20,10,215.0,88
0.3,4.0,2.0,25,3,64.5,88
0.3,4.0,2.0,25,5,107.5,88
0.3,4.0,2.0,25,7,150.5,88
0.3,4.0,2.0,25,10,215.0,88
0.3,4.0,2.0,30,3,64.5,88
0.3,4.0,2.0,30,5,107.5,88
0.3,4.0,2.0,30,7,150.5,88
0.3,4.0,2.0,30,10,215.0,88
0.3,4.0,2.5,10,3,28.5,86
0.3,4.0,2.5,10,5,47.5,86
0.3,4.0,2.5,10,7,66.5,86
0.3,4.0,2.5,10,10,95.0,86
0.3,4.0,2.5,15,3,28.5,86
0.3,4.0,2.5,15,5,47.5,86
0.3,4.0,2.5,15,7,66.5,86
0.3,4.0,2.5,15,10,95.0,86
0.3,4.0,2.5,20,3,28.5,86
0.3,4.0,2.5,20,5,47.5,86
0.3,4.0,2.5,20,7,66.5,86
0.3,4.0,2.5,20,10,95.0,86
0.3,4.0,2.5,25,3,28.5,86
0.3,4.0,2.5,25,5,47.5,86
0.3,4.0,2.5,25,7,66.5,86
0.3,4.0,2.5,25,10,95.0,86
0.3,4.0,2.5,30,3,28.5,86
0.3,4.0,2.5,30,5,47.5,86
0.3,4.0,2.5,30,7,66.5,86
0.3,4.0,2.5,30,10,95.0,86
0.3,5.0,0.5,10,3,163.5,86
0.3,5.0,0.5,10,5,272.5,86
0.3,5.0,0.5,10,7,381.5,86
0.3,5.0,0.5,10,10,545.0,86
0.3,5.0,0.5,15,3,163.5,86
0.3,5.0,0.5,15,5,272.5,86
0.3,5.0,0.5,15,7,381.5,86
0.3,5.0,0.5,15,10,545.0,86
0.3,5.0,0.5,20,3,163.5,86
0.3,5.0,0.5,20,5,272.5,86
0.3,5.0,0.5,20,7,381.5,86
0.3,5.0,0.5,20,10,545.0,86
0.3,5.0,0.5,25,3,163.5,86
0.3,5.0,0.5,25,5,272.5,86
0.3,5.0,0.5,25,7,381.5,86
0.3,5.0,0.5,25,10,545.0,86
0.3,5.0,0.5,30,3,163.5,86
0.3,5.0,0.5,30,5,272.5,86
0.3,5.0,0.5,30,7,381.5,86
0.3,5.0,0.5,30,10,545.0,86
0.3,5.0,1.0,10,3,199.5,86
0.3,5.0,1.0,10,5,332.5,86
0.3,5.0,1.0,10,7,465.5,86
0.3,5.0,1.0,10,10,665.0,86
0.3,5.0,1.0,15,3,199.5,86
0.3,5.0,1.0,15,5,332.5,86
0.3,5.0,1.0,15,7,465.5,86
0.3,5.0,1.0,15,10,665.0,86
0.3,5.0,1.0,20,3,199.5,86
0.3,5.0,1.0,20,5,332.5,86
0.3,5.0,1.0,20,7,465.5,86
0.3,5.0,1.0,20,10,665.0,86
0.3,5.0,1.0,25,3,199.5,86
0.3,5.0,1.0,25,5,332.5,86
0.3,5.0,1.0,25,7,465.5,86
0.3,5.0,1.0,25,10,665.0,86
0.3,5.0,1.0,30,3,199.5,86
0.3,5.0,1.0,30,5,332.5,86
0.3,5.0,1.0,30,7,465.5,86
0.3,5.0,1.0,30,10,665.0,86
0.3,5.0,1.5,10,3,168.0,86
0.3,5.0,1.5,10,5,280.0,86
0.3,5.0,1.5,10,7,392.0,86
0.3,5.0,1.5,10,10,560.0,86
0.3,5.0,1.5,15,3,168.0,86
0.3,5.0,1.5,15,5,280.0,86
0.3,5.0,1.5,15,7,392.0,86
0.3,5.0,1.5,15,10,560.0,86
0.3,5.0,1.5,20,3,168.0,86
0.3,5.0,1.5,20,5,280.0,86
0.3,5.0,1.5,20,7,392.0,86
0.3,5.0,1.5,20,10,560.0,86
0.3,5.0,1.5,25,3,168.0,86
0.3,5.0,1.5,25,5,280.0,86
0.3,5.0,1.5,25,7,392.0,86
0.3,5.0,1.5,25,10,560.0,86
0.3,5.0,1.5,30,3,168.0,86
0.3,5.0,1.5,30,5,280.0,86
0.3,5.0,1.5,30,7,392.0,86
0.3,5.0,1.5,30,10,560.0,86
0.3,5.0,2.0,10,3,129.0,86
0.3,5.0,2.0,10,5,215.0,86
0.3,5.0,2.0,10,7,301.0,86
0.3,5.0,2.0,10,10,430.0,86
0.3,5.0,2.0,15,3,129.0,86
0.3,5.0,2.0,15,5,215.0,86
0.3,5.0,2.0,15,7,301.0,86
0.3,5.0,2.0,15,10,430.0,86
0.3,5.0,2.0,20,3,129.0,86
0.3,5.0,2.0,20,5,215.0,86
0.3,5.0,2.0,20,7,301.0,86
0.3,5.0,2.0,20,10,430.0,86
0.3,5.0,2.0,25,3,129.0,86
0.3,5.0,2.0,25,5,215.0,86
0.3,5.0,2.0,25,7,301.0,86
0.3,5.0,2.0,25,10,430.0,86
0.3,5.0,2.0,30,3,129.0,86
0.3,5.0,2.0,30,5,215.0,86
0.3,5.0,2.0,30,7,301.0,86
0.3,5.0,2.0,30,10,430.0,86
0.3,5.0,2.5,10,3,96.0,84
0.3,5.0,2.5,10,5,160.0,84
0.3,5.0,2.5,10,7,224.0,84
0.3,5.0,2.5,10,10,320.0,84
0.3,5.0,2.5,15,3,96.0,84
0.3,5.0,2.5,15,5,160.0,84
0.3,5.0,2.5,15,7,224.0,84
0.3,5.0,2.5,15,10,320.0,84
0.3,5.0,2.5,20,3,96.0,84
0.3,5.0,2.5,20,5,160.0,84
0.3,5.0,2.5,20,7,224.0,84
0.3,5.0,2.5,20,10,320.0,84
0.3,5.0,2.5,25,3,96.0,84
0.3,5.0,2.5,25,5,160.0,84
0.3,5.0,2.5,25,7,224.0,84
0.3,5.0,2.5,25,10,320.0,84
0.3,5.0,2.5,30,3,96.0,84
0.3,5.0,2.5,30,5,160.0,84
0.3,5.0,2.5,30,7,224.0,84
0.3,5.0,2.5,30,10,320.0,84
0.4,1.0,0.5,10,3,133.5,58
0.4,1.0,0.5,10,5,222.5,58
0.4,1.0,0.5,10,7,311.5,58
0.4,1.0,0.5,10,10,445.0,58
0.4,1.0,0.5,15,3,133.5,58
0.4,1.0,0.5,15,5,222.5,58
0.4,1.0,0.5,15,7,311.5,58
0.4,1.0,0.5,15,10,445.0,58
0.4,1.0,0.5,20,3,133.5,58
0.4,1.0,0.5,20,5,222.5,58
0.4,1.0,0.5,20,7,311.5,58
0.4,1.0,0.5,20,10,445.0,58
0.4,1.0,0.5,25,3,133.5,58
0.4,1.0,0.5,25,5,222.5,58
0.4,1.0,0.5,25,7,311.5,58
0.4,1.0,0.5,25,10,445.0,58
0.4,1.0,0.5,30,3,133.5,58
0.4,1.0,0.5,30,5,222.5,58
0.4,1.0,0.5,30,7,311.5,58
0.4,1.0,0.5,30,10,445.0,58
0.4,1.0,1.0,10,3,130.5,58
0.4,1.0,1.0,10,5,217.5,58
0.4,1.0,1.0,10,7,304.5,58
0.4,1.0,1.0,10,10,435.0,58
0.4,1.0,1.0,15,3,130.5,58
0.4,1.0,1.0,15,5,217.5,58
0.4,1.0,1.0,15,7,304.5,58
0.4,1.0,1.0,15,10,435.0,58
0.4,1.0,1.0,20,3,130.5,58
0.4,1.0,1.0,20,5,217.5,58
0.4,1.0,1.0,20,7,304.5,58
0.4,1.0,1.0,20,10,435.0,58
0.4,1.0,1.0,25,3,130.5,58
0.4,1.0,1.0,25,5,217.5,58
0.4,1.0,1.0,25,7,304.5,58
0.4,1.0,1.0,25,10,435.0,58
0.4,1.0,1.0,30,3,130.5,58
0.4,1.0,1.0,30,5,217.5,58
0.4,1.0,1.0,30,7,304.5,58
0.4,1.0,1.0,30,10,435.0,58
0.4,1.0,1.5,10,3,118.5,58
0.4,1.0,1.5,10,5,197.5,58
0.4,1.0,1.5,10,7,276.5,58
0.4,1.0,1.5,10,10,395.0,58
0.4,1.0,1.5,15,3,118.5,58
0.4,1.0,1.5,15,5,197.5,58
0.4,1.0,1.5,15,7,276.5,58
0.4,1.0,1.5,15,10,395.0,58
0.4,1.0,1.5,20,3,118.5,58
0.4,1.0,1.5,20,5,197.5,58
0.4,1.0,1.5,20,7,276.5,58
0.4,1.0,1.5,20,10,395.0,58
0.4,1.0,1.5,25,3,118.5,58
0.4,1.0,1.5,25,5,197.5,58
0.4,1.0,1.5,25,7,276.5,58
0.4,1.0,1.5,25,10,395.0,58
0.4,1.0,1.5,30,3,118.5,58
0.4,1.0,1.5,30,5,197.5,58
0.4,1.0,1.5,30,7,276.5,58
0.4,1.0,1.5,30,10,395.0,58
0.4,1.0,2.0,10,3,121.5,58
0.4,1.0,2.0,10,5,202.5,58
0.4,1.0,2.0,10,7,283.5,58
0.4,1.0,2.0,10,10,405.0,58
0.4,1.0,2.0,15,3,121.5,58
0.4,1.0,2.0,15,5,202.5,58
0.4,1.0,2.0,15,7,283.5,58
0.4,1.0,2.0,15,10,405.0,58
0.4,1.0,2.0,20,3,121.5,58
0.4,1.0,2.0,20,5,202.5,58
0.4,1.0,2.0,20,7,283.5,58
0.4,1.0,2.0,20,10,405.0,58
0.4,1.0,2.0,25,3,121.5,58
0.4,1.0,2.0,25,5,202.5,58
0.4,1.0,2.0,25,7,283.5,58
0.4,1.0,2.0,25,10,405.0,58
0.4,1.0,2.0,30,3,121.5,58
0.4,1.0,2.0,30,5,202.5,58
0.4,1.0,2.0,30,7,283.5,58
0.4,1.0,2.0,30,10,405.0,58
0.4,1.0,2.5,10,3,121.5,58
0.4,1.0,2.5,10,5,202.5,58
0.4,1.0,2.5,10,7,283.5,58
0.4,1.0,2.5,10,10,405.0,58
0.4,1.0,2.5,15,3,121.5,58
0.4,1.0,2.5,15,5,202.5,58
0.4,1.0,2.5,15,7,283.5,58
0.4,1.0,2.5,15,10,405.0,58
0.4,1.0,2.5,20,3,121.5,58
0.4,1.0,2.5,20,5,202.5,58
0.4,1.0,2.5,20,7,283.5,58
0.4,1.0,2.5,20,10,405.0,58
0.4,1.0,2.5,25,3,121.5,58
0.4,1.0,2.5,25,5,202.5,58
0.4,1.0,2.5,25,7,283.5,58
0.4,1.0,2.5,25,10,405.0,58
0.4,1.0,2.5,30,3,121.5,58
0.4,1.0,2.5,30,5,202.5,58
0.4,1.0,2.5,30,7,283.5,58
0.4,1.0,2.5,30,10,405.0,58
0.4,2.0,0.5,10,3,156.0,58
0.4,2.0,0.5,10,5,260.0,58
0.4,2.0,0.5,10,7,364.0,58
0.4,2.0,0.5,10,10,520.0,58
0.4,2.0,0.5,15,3,156.0,58
0.4,2.0,0.5,15,5,260.0,58
0.4,2.0,0.5,15,7,364.0,58
0.4,2.0,0.5,15,10,520.0,58
0.4,2.0,0.5,20,3,156.0,58
0.4,2.0,0.5,20,5,260.0,58
0.4,2.0,0.5,20,7,364.0,58
0.4,2.0,0.5,20,10,520.0,58
0.4,2.0,0.5,25,3,156.0,58
0.4,2.0,0.5,25,5,260.0,58
0.4,2.0,0.5,25,7,364.0,58
0.4,2.0,0.5,25,10,520.0,58
0.4,2.0,0.5,30,3,156.0,58
0.4,2.0,0.5,30,5,260.0,58
0.4,2.0,0.5,30,7,364.0,58
0.4,2.0,0.5,30,10,520.0,58
0.4,2.0,1.0,10,3,151.5,58
0.4,2.0,1.0,10,5,252.5,58
0.4,2.0,1.0,10,7,353.5,58
0.4,2.0,1.0,10,10,505.0,58
0.4,2.0,1.0,15,3,151.5,58
0.4,2.0,1.0,15,5,252.5,58
0.4,2.0,1.0,15,7,353.5,58
0.4,2.0,1.0,15,10,505.0,58
0.4,2.0,1.0,20,3,151.5,58
0.4,2.0,1.0,20,5,252.5,58
0.4,2.0,1.0,20,7,353.5,58
0.4,2.0,1.0,20,10,505.0,58
0.4,2.0,1.0,25,3,151.5,58
0.4,2.0,1.0,25,5,252.5,58
0.4,2.0,1.0,25,7,353.5,58
0.4,2.0,1.0,25,10,505.0,58
0.4,2.0,1.0,30,3,151.5,58
0.4,2.0,1.0,30,5,252.5,58
0.4,2.0,1.0,30,7,353.5,58
0.4,2.0,1.0,30,10,505.0,58
0.4,2.0,1.5,10,3,136.5,58
0.4,2.0,1.5,10,5,227.5,58
0.4,2.0,1.5,10,7,318.5,58
0.4,2.0,1.5,10,10,455.0,58
0.4,2.0,1.5,15,3,136.5,58
0.4,2.0,1.5,15,5,227.5,58
0.4,2.0,1.5,15,7,318.5,58
0.4,2.0,1.5,15,10,455.0,58
0.4,2.0,1.5,20,3,136.5,58
0.4,2.0,1.5,20,5,227.5,58
0.4,2.0,1.5,20,7,318.5,58
0.4,2.0,1.5,20,10,455.0,58
0.4,2.0,1.5,25,3,136.5,58
0.4,2.0,1.5,25,5,227.5,58
0.4,2.0,1.5,25,7,318.5,58
0.4,2.0,1.5,25,10,455.0,58
0.4,2.0,1.5,30,3,136.5,58
0.4,2.0,1.5,30,5,227.5,58
0.4,2.0,1.5,30,7,318.5,58
0.4,2.0,1.5,30,10,455.0,58
0.4,2.0,2.0,10,3,141.0,58
0.4,2.0,2.0,10,5,235.0,58
0.4,2.0,2.0,10,7,329.0,58
0.4,2.0,2.0,10,10,470.0,58
0.4,2.0,2.0,15,3,141.0,58
0.4,2.0,2.0,15,5,235.0,58
0.4,2.0,2.0,15,7,329.0,58
0.4,2.0,2.0,15,10,470.0,58
0.4,2.0,2.0,20,3,141.0,58
0.4,2.0,2.0,20,5,235.0,58
0.4,2.0,2.0,20,7,329.0,58
0.4,2.0,2.0,20,10,470.0,58
0.4,2.0,2.0,25,3,141.0,58
0.4,2.0,2.0,25,5,235.0,58
0.4,2.0,2.0,25,7,329.0,58
0.4,2.0,2.0,25,10,470.0,58
0.4,2.0,2.0,30,3,141.0,58
0.4,2.0,2.0,30,5,235.0,58
0.4,2.0,2.0,30,7,329.0,58
0.4,2.0,2.0,30,10,470.0,58
0.4,2.0,2.5,10,3,136.5,58
0.4,2.0,2.5,10,5,227.5,58
0.4,2.0,2.5,10,7,318.5,58
0.4,2.0,2.5,10,10,455.0,58
0.4,2.0,2.5,15,3,136.5,58
0.4,2.0,2.5,15,5,227.5,58
0.4,2.0,2.5,15,7,318.5,58
0.4,2.0,2.5,15,10,455.0,58
0.4,2.0,2.5,20,3,136.5,58
0.4,2.0,2.5,20,5,227.5,58
0.4,2.0,2.5,20,7,318.5,58
0.4,2.0,2.5,20,10,455.0,58
0.4,2.0,2.5,25,3,136.5,58
0.4,2.0,2.5,25,5,227.5,58
0.4,2.0,2.5,25,7,318.5,58
0.4,2.0,2.5,25,10,455.0,58
0.4,2.0,2.5,30,3,136.5,58
0.4,2.0,2.5,30,5,227.5,58
0.4,2.0,2.5,30,7,318.5,58
0.4,2.0,2.5,30,10,455.0,58
0.4,3.0,0.5,10,3,150.0,58
0.4,3.0,0.5,10,5,250.0,58
0.4,3.0,0.5,10,7,350.0,58
0.4,3.0,0.5,10,10,500.0,58
0.4,3.0,0.5,15,3,150.0,58
0.4,3.0,0.5,15,5,250.0,58
0.4,3.0,0.5,15,7,350.0,58
0.4,3.0,0.5,15,10,500.0,58
0.4,3.0,0.5,20,3,150.0,58
0.4,3.0,0.5,20,5,250.0,58
0.4,3.0,0.5,20,7,350.0,58
0.4,3.0,0.5,20,10,500.0,58
0.4,3.0,0.5,25,3,150.0,58
0.4,3.0,0.5,25,5,250.0,58
0.4,3.0,0.5,25,7,350.0,58
0.4,3.0,0.5,25,10,500.0,58
0.4,3.0,0.5,30,3,150.0,58
0.4,3.0,0.5,30,5,250.0,58
0.4,3.0,0.5,30,7,350.0,58
0.4,3.0,0.5,30,10,500.0,58
0.4,3.0,1.0,10,3,145.5,58
0.4,3.0,1.0,10,5,242.5,58
0.4,3.0,1.0,10,7,339.5,58
0.4,3.0,1.0,10,10,485.0,58
0.4,3.0,1.0,15,3,145.5,58
0.4,3.0,1.0,15,5,242.5,58
0.4,3.0,1.0,15,7,339.5,58
0.4,3.0,1.0,15,10,485.0,58
0.4,3.0,1.0,20,3,145.5,58
0.4,3.0,1.0,20,5,242.5,58
0.4,3.0,1.0,20,7,339.5,58
0.4,3.0,1.0,20,10,485.0,58
0.4,3.0,1.0,25,3,145.5,58
0.4,3.0,1.0,25,5,242.5,58
0.4,3.0,1.0,25,7,339.5,58
0.4,3.0,1.0,25,10,485.0,58
0.4,3.0,1.0,30,3,145.5,58
0.4,3.0,1.0,30,5,242.5,58
0.4,3.0,1.0,30,7,339.5,58
0.4,3.0,1.0,30,10,485.0,58
0.4,3.0,1.5,10,3,124.5,58
0.4,3.0,1.5,10,5,207.5,58
0.4,3.0,1.5,10,7,290.5,58
0.4,3.0,1.5,10,10,415.0,58
0.4,3.0,1.5,15,3,124.5,58
0.4,3.0,1.5,15,5,207.5,58
0.4,3.0,1.5,15,7,290.5,58
0.4,3.0,1.5,15,10,415.0,58
0.4,3.0,1.5,20,3,124.5,58
0.4,3.0,1.5,20,5,207.5,58
0.4,3.0,1.5,20,7,290.5,58
0.4,3.0,1.5,20,10,415.0,58
0.4,3.0,1.5,25,3,124.5,58
0.4,3.0,1.5,25,5,207.5,58
0.4,3.0,1.5,25,7,290.5,58
0.4,3.0,1.5,25,10,415.0,58
0.4,3.0,1.5,30,3,124.5,58
0.4,3.0,1.5,30,5,207.5,58
0.4,3.0,1.5,30,7,290.5,58
0.4,3.0,1.5,30,10,415.0,58
0.4,3.0,2.0,10,3,117.0,58
0.4,3.0,2.0,10,5,195.0,58
0.4,3.0,2.0,10,7,273.0,58
0.4,3.0,2.0,10,10,390.0,58
0.4,3.0,2.0,15,3,117.0,58
0.4,3.0,2.0,15,5,195.0,58
0.4,3.0,2.0,15,7,273.0,58
0.4,3.0,2.0,15,10,390.0,58
0.4,3.0,2.0,20,3,117.0,58
0.4,3.0,2.0,20,5,195.0,58
0.4,3.0,2.0,20,7,273.0,58
0.4,3.0,2.0,20,10,390.0,58
0.4,3.0,2.0,25,3,117.0,58
0.4,3.0,2.0,25,5,195.0,58
0.4,3.0,2.0,25,7,273.0,58
0.4,3.0,2.0,25,10,390.0,58
0.4,3.0,2.0,30,3,117.0,58
0.4,3.0,2.0,30,5,195.0,58
0.4,3.0,2.0,30,7,273.0,58
0.4,3.0,2.0,30,10,390.0,58
0.4,3.0,2.5,10,3,127.5,58
0.4,3.0,2.5,10,5,212.5,58
0.4,3.0,2.5,10,7,297.5,58
0.4,3.0,2.5,10,10,425.0,58
0.4,3.0,2.5,15,3,127.5,58
0.4,3.0,2.5,15,5,212.5,58
0.4,3.0,2.5,15,7,297.5,58
0.4,3.0,2.5,15,10,425.0,58
0.4,3.0,2.5,20,3,127.5,58
0.4,3.0,2.5,20,5,212.5,58
0.4,3.0,2.5,20,7,297.5,58
0.4,3.0,2.5,20,10,425.0,58
0.4,3.0,2.5,25,3,127.5,58
0.4,3.0,2.5,25,5,212.5,58
0.4,3.0,2.5,25,7,297.5,58
0.4,3.0,2.5,25,10,425.0,58
0.4,3.0,2.5,30,3,127.5,58
0.4,3.0,2.5,30,5,212.5,58
0.4,3.0,2.5,30,7,297.5,58
0.4,3.0,2.5,30,10,425.0,58
0.4,4.0,0.5,10,3,126.0,56
0.4,4.0,0.5,10,5,210.0,56
0.4,4.0,0.5,10,7,294.0,56
0.4,4.0,0.5,10,10,420.0,56
0.4,4.0,0.5,15,3,126.0,56
0.4,4.0,0.5,15,5,210.0,56
0.4,4.0,0.5,15,7,294.0,56
0.4,4.0,0.5,15,10,420.0,56
0.4,4.0,0.5,20,3,126.0,56
0.4,4.0,0.5,20,5,210.0,56
0.4,4.0,0.5,20,7,294.0,56
0.4,4.0,0.5,20,10,420.0,56
0.4,4.0,0.5,25,3,126.0,56
0.4,4.0,0.5,25,5,210.0,56
0.4,4.0,0.5,25,7,294.0,56
0.4,4.0,0.5,25,10,420.0,56
0.4,4.0,0.5,30,3,126.0,56
0.4,4.0,0.5,30,5,210.0,56
0.4,4.0,0.5,30,7,294.0,56
0.4,4.0,0.5,30,10,420.0,56
0.4,4.0,1.0,10,3,136.5,56
0.4,4.0,1.0,10,5,227.5,56
0.4,4.0,1.0,10,7,318.5,56
0.4,4.0,1.0,10,10,455.0,56
0.4,4.0,1.0,15,3,136.5,56
0.4,4.0,1.0,15,5,227.5,56
0.4,4.0,1.0,15,7,318.5,56
0.4,4.0,1.0,15,10,455.0,56
0.4,4.0,1.0,20,3,136.5,56
0.4,4.0,1.0,20,5,227.5,56
0.4,4.0,1.0,20,7,318.5,56
0.4,4.0,1.0,20,10,455.0,56
0.4,4.0,1.0,25,3,136.5,56
0.4,4.0,1.0,25,5,227.5,56
0.4,4.0,1.0,25,7,318.5,56
0.4,4.0,1.0,25,10,455.0,56
0.4,4.0,1.0,30,3,136.5,56
0.4,4.0,1.0,30,5,227.5,56
0.4,4.0,1.0,30,7,318.5,56
0.4,4.0,1.0,30,10,455.0,56
0.4,4.0,1.5,10,3,103.5,56
0.4,4.0,1.5,10,5,172.5,56
0.4,4.0,1.5,10,7,241.5,56
0.4,4.0,1.5,10,10,345.0,56
0.4,4.0,1.5,15,3,103.5,56
0.4,4.0,1.5,15,5,172.5,56
0.4,4.0,1.5,15,7,241.5,56
0.4,4.0,1.5,15,10,345.0,56
0.4,4.0,1.5,20,3,103.5,56
0.4,4.0,1.5,20,5,172.5,56
0.4,4.0,1.5,20,7,241.5,56
0.4,4.0,1.5,20,10,345.0,56
0.4,4.0,1.5,25,3,103.5,56
0.4,4.0,1.5,25,5,172.5,56
0.4,4.0,1.5,25,7,241.5,56
0.4,4.0,1.5,25,10,345.0,56
0.4,4.0,1.5,30,3,103.5,56
0.4,4.0,1.5,30,5,172.5,56
0.4,4.0,1.5,30,7,241.5,56
0.4,4.0,1.5,30,10,345.0,56
0.4,4.0,2.0,10,3,76.5,56
0.4,4.0,2.0,10,5,127.5,56
0.4,4.0,2.0,10,7,178.5,56
0.4,4.0,2.0,10,10,255.0,56
0.4,4.0,2.0,15,3,76.5,56
0.4,4.0,2.0,15,5,127.5,56
0.4,4.0,2.0,15,7,178.5,56
0.4,4.0,2.0,15,10,255.0,56
0.4,4.0,2.0,20,3,76.5,56
0.4,4.0,2.0,20,5,127.5,56
0.4,4.0,2.0,20,7,178.5,56
0.4,4.0,2.0,20,10,255.0,56
0.4,4.0,2.0,25,3,76.5,56
0.4,4.0,2.0,25,5,127.5,56
0.4,4.0,2.0,25,7,178.5,56
0.4,4.0,2.0,25,10,255.0,56
0.4,4.0,2.0,30,3,76.5,56
0.4,4.0,2.0,30,5,127.5,56
0.4,4.0,2.0,30,7,178.5,56
0.4,4.0,2.0,30,10,255.0,56
0.4,4.0,2.5,10,3,54.0,56
0.4,4.0,2.5,10,5,90.0,56
0.4,4.0,2.5,10,7,126.0,56
0.4,4.0,2.5,10,10,180.0,56
0.4,4.0,2.5,15,3,54.0,56
0.4,4.0,2.5,15,5,90.0,56
0.4,4.0,2.5,15,7,126.0,56
0.4,4.0,2.5,15,10,180.0,56
0.4,4.0,2.5,20,3,54.0,56
0.4,4.0,2.5,20,5,90.0,56
0.4,4.0,2.5,20,7,126.0,56
0.4,4.0,2.5,20,10,180.0,56
0.4,4.0,2.5,25,3,54.0,56
0.4,4.0,2.5,25,5,90.0,56
0.4,4.0,2.5,25,7,126.0,56
0.4,4.0,2.5,25,10,180.0,56
0.4,4.0,2.5,30,3,54.0,56
0.4,4.0,2.5,30,5,90.0,56
0.4,4.0,2.5,30,7,126.0,56
0.4,4.0,2.5,30,10,180.0,56
0.4,5.0,0.5,10,3,156.0,54
0.4,5.0,0.5,10,5,260.0,54
0.4,5.0,0.5,10,7,364.0,54
0.4,5.0,0.5,10,10,520.0,54
0.4,5.0,0.5,15,3,156.0,54
0.4,5.0,0.5,15,5,260.0,54
0.4,5.0,0.5,15,7,364.0,54
0.4,5.0,0.5,15,10,520.0,54
0.4,5.0,0.5,20,3,156.0,54
0.4,5.0,0.5,20,5,260.0,54
0.4,5.0,0.5,20,7,364.0,54
0.4,5.0,0.5,20,10,520.0,54
0.4,5.0,0.5,25,3,156.0,54
0.4,5.0,0.5,25,5,260.0,54
0.4,5.0,0.5,25,7,364.0,54
0.4,5.0,0.5,25,10,520.0,54
0.4,5.0,0.5,30,3,156.0,54
0.4,5.0,0.5,30,5,260.0,54
0.4,5.0,0.5,30,7,364.0,54
0.4,5.0,0.5,30,10,520.0,54
0.4,5.0,1.0,10,3,166.5,54
0.4,5.0,1.0,10,5,277.5,54
0.4,5.0,1.0,10,7,388.5,54
0.4,5.0,1.0,10,10,555.0,54
0.4,5.0,1.0,15,3,166.5,54
0.4,5.0,1.0,15,5,277.5,54
0.4,5.0,1.0,15,7,388.5,54
0.4,5.0,1.0,15,10,555.0,54
0.4,5.0,1.0,20,3,166.5,54
0.4,5.0,1.0,20,5,277.5,54
0.4,5.0,1.0,20,7,388.5,54
0.4,5.0,1.0,20,10,555.0,54
0.4,5.0,1.0,25,3,166.5,54
0.4,5.0,1.0,25,5,277.5,54
0.4,5.0,1.0,25,7,388.5,54
0.4,5.0,1.0,25,10,555.0,54
0.4,5.0,1.0,30,3,166.5,54
0.4,5.0,1.0,30,5,277.5,54
0.4,5.0,1.0,30,7,388.5,54
0.4,5.0,1.0,30,10,555.0,54
0.4,5.0,1.5,10,3,132.0,54
0.4,5.0,1.5,10,5,220.0,54
0.4,5.0,1.5,10,7,308.0,54
0.4,5.0,1.5,10,10,440.0,54
0.4,5.0,1.5,15,3,132.0,54
0.4,5.0,1.5,15,5,220.0,54
0.4,5.0,1.5,15,7,308.0,54
0.4,5.0,1.5,15,10,440.0,54
0.4,5.0,1.5,20,3,132.0,54
0.4,5.0,1.5,20,5,220.0,54
0.4,5.0,1.5,20,7,308.0,54
0.4,5.0,1.5,20,10,440.0,54
0.4,5.0,1.5,25,3,132.0,54
0.4,5.0,1.5,25,5,220.0,54
0.4,5.0,1.5,25,7,308.0,54
0.4,5.0,1.5,25,10,440.0,54
0.4,5.0,1.5,30,3,132.0,54
0.4,5.0,1.5,30,5,220.0,54
0.4,5.0,1.5,30,7,308.0,54
0.4,5.0,1.5,30,10,440.0,54
0.4,5.0,2.0,10,3,103.5,54
0.4,5.0,2.0,10,5,172.5,54
0.4,5.0,2.0,10,7,241.5,54
0.4,5.0,2.0,10,10,345.0,54
0.4,5.0,2.0,15,3,103.5,54
0.4,5.0,2.0,15,5,172.5,54
0.4,5.0,2.0,15,7,241.5,54
0.4,5.0,2.0,15,10,345.0,54
0.4,5.0,2.0,20,3,103.5,54
0.4,5.0,2.0,20,5,172.5,54
0.4,5.0,2.0,20,7,241.5,54
0.4,5.0,2.0,20,10,345.0,54
0.4,5.0,2.0,25,3,103.5,54
0.4,5.0,2.0,25,5,172.5,54
0.4,5.0,2.0,25,7,241.5,54
0.4,5.0,2.0,25,10,345.0,54
0.4,5.0,2.0,30,3,103.5,54
0.4,5.0,2.0,30,5,172.5,54
0.4,5.0,2.0,30,7,241.5,54
0.4,5.0,2.0,30,10,345.0,54
0.4,5.0,2.5,10,3,84.0,54
0.4,5.0,2.5,10,5,140.0,54
0.4,5.0,2.5,10,7,196.0,54
0.4,5.0,2.5,10,10,280.0,54
0.4,5.0,2.5,15,3,84.0,54
0.4,5.0,2.5,15,5,140.0,54
0.4,5.0,2.5,15,7,196.0,54
0.4,5.0,2.5,15,10,280.0,54
0.4,5.0,2.5,20,3,84.0,54
0.4,5.0,2.5,20,5,140.0,54
0.4,5.0,2.5,20,7,196.0,54
0.4,5.0,2.5,20,10,280.0,54
0.4,5.0,2.5,25,3,84.0,54
0.4,5.0,2.5,25,5,140.0,54
0.4,5.0,2.5,25,7,196.0,54
0.4,5.0,2.5,25,10,280.0,54
0.4,5.0,2.5,30,3,84.0,54
0.4,5.0,2.5,30,5,140.0,54
0.4,5.0,2.5,30,7,196.0,54
0.4,5.0,2.5,30,10,280.0,54
0.5,1.0,0.5,10,3,99.0,36
0.5,1.0,0.5,10,5,165.0,36
0.5,1.0,0.5,10,7,231.0,36
0.5,1.0,0.5,10,10,330.0,36
0.5,1.0,0.5,15,3,99.0,36
0.5,1.0,0.5,15,5,165.0,36
0.5,1.0,0.5,15,7,231.0,36
0.5,1.0,0.5,15,10,330.0,36
0.5,1.0,0.5,20,3,99.0,36
0.5,1.0,0.5,20,5,165.0,36
0.5,1.0,0.5,20,7,231.0,36
0.5,1.0,0.5,20,10,330.0,36
0.5,1.0,0.5,25,3,99.0,36
0.5,1.0,0.5,25,5,165.0,36
0.5,1.0,0.5,25,7,231.0,36
0.5,1.0,0.5,25,10,330.0,36
0.5,1.0,0.5,30,3,99.0,36
0.5,1.0,0.5,30,5,165.0,36
0.5,1.0,0.5,30,7,231.0,36
0.5,1.0,0.5,30,10,330.0,36
0.5,1.0,1.0,10,3,96.0,36
0.5,1.0,1.0,10,5,160.0,36
0.5,1.0,1.0,10,7,224.0,36
0.5,1.0,1.0,10,10,320.0,36
0.5,1.0,1.0,15,3,96.0,36
0.5,1.0,1.0,15,5,160.0,36
0.5,1.0,1.0,15,7,224.0,36
0.5,1.0,1.0,15,10,320.0,36
0.5,1.0,1.0,20,3,96.0,36
0.5,1.0,1.0,20,5,160.0,36
0.5,1.0,1.0,20,7,224.0,36
0.5,1.0,1.0,20,10,320.0,36
0.5,1.0,1.0,25,3,96.0,36
0.5,1.0,1.0,25,5,160.0,36
0.5,1.0,1.0,25,7,224.0,36
0.5,1.0,1.0,25,10,320.0,36
0.5,1.0,1.0,30,3,96.0,36
0.5,1.0,1.0,30,5,160.0,36
0.5,1.0,1.0,30,7,224.0,36
0.5,1.0,1.0,30,10,320.0,36
0.5,1.0,1.5,10,3,94.5,36
0.5,1.0,1.5,10,5,157.5,36
0.5,1.0,1.5,10,7,220.5,36
0.5,1.0,1.5,10,10,315.0,36
0.5,1.0,1.5,15,3,94.5,36
0.5,1.0,1.5,15,5,157.5,36
0.5,1.0,1.5,15,7,220.5,36
0.5,1.0,1.5,15,10,315.0,36
0.5,1.0,1.5,20,3,94.5,36
0.5,1.0,1.5,20,5,157.5,36
0.5,1.0,1.5,20,7,220.5,36
0.5,1.0,1.5,20,10,315.0,36
0.5,1.0,1.5,25,3,94.5,36
0.5,1.0,1.5,25,5,157.5,36
0.5,1.0,1.5,25,7,220.5,36
0.5,1.0,1.5,25,10,315.0,36
0.5,1.0,1.5,30,3,94.5,36
0.5,1.0,1.5,30,5,157.5,36
0.5,1.0,1.5,30,7,220.5,36
0.5,1.0,1.5,30,10,315.0,36
0.5,1.0,2.0,10,3,88.5,36
0.5,1.0,2.0,10,5,147.5,36
0.5,1.0,2.0,10,7,206.5,36
0.5,1.0,2.0,10,10,295.0,36
0.5,1.0,2.0,15,3,88.5,36
0.5,1.0,2.0,15,5,147.5,36
0.5,1.0,2.0,15,7,206.5,36
0.5,1.0,2.0,15,10,295.0,36
0.5,1.0,2.0,20,3,88.5,36
0.5,1.0,2.0,20,5,147.5,36
0.5,1.0,2.0,20,7,206.5,36
0.5,1.0,2.0,20,10,295.0,36
0.5,1.0,2.0,25,3,88.5,36
0.5,1.0,2.0,25,5,147.5,36
0.5,1.0,2.0,25,7,206.5,36
0.5,1.0,2.0,25,10,295.0,36
0.5,1.0,2.0,30,3,88.5,36
0.5,1.0,2.0,30,5,147.5,36
0.5,1.0,2.0,30,7,206.5,36
0.5,1.0,2.0,30,10,295.0,36
0.5,1.0,2.5,10,3,88.5,36
0.5,1.0,2.5,10,5,147.5,36
0.5,1.0,2.5,10,7,206.5,36
0.5,1.0,2.5,10,10,295.0,36
0.5,1.0,2.5,15,3,88.5,36
0.5,1.0,2.5,15,5,147.5,36
0.5,1.0,2.5,15,7,206.5,36
0.5,1.0,2.5,15,10,295.0,36
0.5,1.0,2.5,20,3,88.5,36
0.5,1.0,2.5,20,5,147.5,36
0.5,1.0,2.5,20,7,206.5,36
0.5,1.0,2.5,20,10,295.0,36
0.5,1.0,2.5,25,3,88.5,36
0.5,1.0,2.5,25,5,147.5,36
0.5,1.0,2.5,25,7,206.5,36
0.5,1.0,2.5,25,10,295.0,36
0.5,1.0,2.5,30,3,88.5,36
0.5,1.0,2.5,30,5,147.5,36
0.5,1.0,2.5,30,7,206.5,36
0.5,1.0,2.5,30,10,295.0,36
0.5,2.0,0.5,10,3,117.0,36
0.5,2.0,0.5,10,5,195.0,36
0.5,2.0,0.5,10,7,273.0,36
0.5,2.0,0.5,10,10,390.0,36
0.5,2.0,0.5,15,3,117.0,36
0.5,2.0,0.5,15,5,195.0,36
0.5,2.0,0.5,15,7,273.0,36
0.5,2.0,0.5,15,10,390.0,36
0.5,2.0,0.5,20,3,117.0,36
0.5,2.0,0.5,20,5,195.0,36
0.5,2.0,0.5,20,7,273.0,36
0.5,2.0,0.5,20,10,390.0,36
0.5,2.0,0.5,25,3,117.0,36
0.5,2.0,0.5,25,5,195.0,36
0.5,2.0,0.5,25,7,273.0,36
0.5,2.0,0.5,25,10,390.0,36
0.5,2.0,0.5,30,3,117.0,36
0.5,2.0,0.5,30,5,195.0,36
0.5,2.0,0.5,30,7,273.0,36
0.5,2.0,0.5,30,10,390.0,36
0.5,2.0,1.0,10,3,114.0,36
0.5,2.0,1.0,10,5,190.0,36
0.5,2.0,1.0,10,7,266.0,36
0.5,2.0,1.0,10,10,380.0,36
0.5,2.0,1.0,15,3,114.0,36
0.5,2.0,1.0,15,5,190.0,36
0.5,2.0,1.0,15,7,266.0,36
0.5,2.0,1.0,15,10,380.0,36
0.5,2.0,1.0,20,3,114.0,36
0.5,2.0,1.0,20,5,190.0,36
0.5,2.0,1.0,20,7,266.0,36
0.5,2.0,1.0,20,10,380.0,36
0.5,2.0,1.0,25,3,114.0,36
0.5,2.0,1.0,25,5,190.0,36
0.5,2.0,1.0,25,7,266.0,36
0.5,2.0,1.0,25,10,380.0,36
0.5,2.0,1.0,30,3,114.0,36
0.5,2.0,1.0,30,5,190.0,36
0.5,2.0,1.0,30,7,266.0,36
0.5,2.0,1.0,30,10,380.0,36
0.5,2.0,1.5,10,3,112.5,36
0.5,2.0,1.5,10,5,187.5,36
0.5,2.0,1.5,10,7,262.5,36
0.5,2.0,1.5,10,10,375.0,36
0.5,2.0,1.5,15,3,112.5,36
0.5,2.0,1.5,15,5,187.5,36
0.5,2.0,1.5,15,7,262.5,36
0.5,2.0,1.5,15,10,375.0,36
0.5,2.0,1.5,20,3,112.5,36
0.5,2.0,1.5,20,5,187.5,36
0.5,2.0,1.5,20,7,262.5,36
0.5,2.0,1.5,20,10,375.0,36
0.5,2.0,1.5,25,3,112.5,36
0.5,2.0,1.5,25,5,187.5,36
0.5,2.0,1.5,25,7,262.5,36
0.5,2.0,1.5,25,10,375.0,36
0.5,2.0,1.5,30,3,112.5,36
0.5,2.0,1.5,30,5,187.5,36
0.5,2.0,1.5,30,7,262.5,36
0.5,2.0,1.5,30,10,375.0,36
0.5,2.0,2.0,10,3,106.5,36
0.5,2.0,2.0,10,5,177.5,36
0.5,2.0,2.0,10,7,248.5,36
0.5,2.0,2.0,10,10,355.0,36
0.5,2.0,2.0,15,3,106.5,36
0.5,2.0,2.0,15,5,177.5,36
0.5,2.0,2.0,15,7,248.5,36
0.5,2.0,2.0,15,10,355.0,36
0.5,2.0,2.0,20,3,106.5,36
0.5,2.0,2.0,20,5,177.5,36
0.5,2.0,2.0,20,7,248.5,36
0.5,2.0,2.0,20,10,355.0,36
0.5,2.0,2.0,25,3,106.5,36
0.5,2.0,2.0,25,5,177.5,36
0.5,2.0,2.0,25,7,248.5,36
0.5,2.0,2.0,25,10,355.0,36
0.5,2.0,2.0,30,3,106.5,36
0.5,2.0,2.0,30,5,177.5,36
0.5,2.0,2.0,30,7,248.5,36
0.5,2.0,2.0,30,10,355.0,36
0.5,2.0,2.5,10,3,106.5,36
0.5,2.0,2.5,10,5,177.5,36
0.5,2.0,2.5,10,7,248.5,36
0.5,2.0,2.5,10,10,355.0,36
0.5,2.0,2.5,15,3,106.5,36
0.5,2.0,2.5,15,5,177.5,36
0.5,2.0,2.5,15,7,248.5,36
0.5,2.0,2.5,15,10,355.0,36
0.5,2.0,2.5,20,3,106.5,36
0.5,2.0,2.5,20,5,177.5,36
0.5,2.0,2.5,20,7,248.5,36
0.5,2.0,2.5,20,10,355.0,36
0.5,2.0,2.5,25,3,106.5,36
0.5,2.0,2.5,25,5,177.5,36
0.5,2.0,2.5,25,7,248.5,36
0.5,2.0,2.5,25,10,355.0,36
0.5,2.0,2.5,30,3,106.5,36
0.5,2.0,2.5,30,5,177.5,36
0.5,2.0,2.5,30,7,248.5,36
0.5,2.0,2.5,30,10,355.0,36
0.5,3.0,0.5,10,3,129.0,36
0.5,3.0,0.5,10,5,215.0,36
0.5,3.0,0.5,10,7,301.0,36
0.5,3.0,0.5,10,10,430.0,36
0.5,3.0,0.5,15,3,129.0,36
0.5,3.0,0.5,15,5,215.0,36
0.5,3.0,0.5,15,7,301.0,36
0.5,3.0,0.5,15,10,430.0,36
0.5,3.0,0.5,20,3,129.0,36
0.5,3.0,0.5,20,5,215.0,36
0.5,3.0,0.5,20,7,301.0,36
0.5,3.0,0.5,20,10,430.0,36
0.5,3.0,0.5,25,3,129.0,36
0.5,3.0,0.5,25,5,215.0,36
0.5,3.0,0.5,25,7,301.0,36
0.5,3.0,0.5,25,10,430.0,36
0.5,3.0,0.5,30,3,129.0,36
0.5,3.0,0.5,30,5,215.0,36
0.5,3.0,0.5,30,7,301.0,36
0.5,3.0,0.5,30,10,430.0,36
0.5,3.0,1.0,10,3,126.0,36
0.5,3.0,1.0,10,5,210.0,36
0.5,3.0,1.0,10,7,294.0,36
0.5,3.0,1.0,10,10,420.0,36
0.5,3.0,1.0,15,3,126.0,36
0.5,3.0,1.0,15,5,210.0,36
0.5,3.0,1.0,15,7,294.0,36
0.5,3.0,1.0,15,10,420.0,36
0.5,3.0,1.0,20,3,126.0,36
0.5,3.0,1.0,20,5,210.0,36
0.5,3.0,1.0,20,7,294.0,36
0.5,3.0,1.0,20,10,420.0,36
0.5,3.0,1.0,25,3,126.0,36
0.5,3.0,1.0,25,5,210.0,36
0.5,3.0,1.0,25,7,294.0,36
0.5,3.0,1.0,25,10,420.0,36
0.5,3.0,1.0,30,3,126.0,36
0.5,3.0,1.0,30,5,210.0,36
0.5,3.0,1.0,30,7,294.0,36
0.5,3.0,1.0,30,10,420.0,36
0.5,3.0,1.5,10,3,124.5,36
0.5,3.0,1.5,10,5,207.5,36
0.5,3.0,1.5,10,7,290.5,36
0.5,3.0,1.5,10,10,415.0,36
0.5,3.0,1.5,15,3,124.5,36
0.5,3.0,1.5,15,5,207.5,36
0.5,3.0,1.5,15,7,290.5,36
0.5,3.0,1.5,15,10,415.0,36
0.5,3.0,1.5,20,3,124.5,36
0.5,3.0,1.5,20,5,207.5,36
0.5,3.0,1.5,20,7,290.5,36
0.5,3.0,1.5,20,10,415.0,36
0.5,3.0,1.5,25,3,124.5,36
0.5,3.0,1.5,25,5,207.5,36
0.5,3.0,1.5,25,7,290.5,36
0.5,3.0,1.5,25,10,415.0,36
0.5,3.0,1.5,30,3,124.5,36
0.5,3.0,1.5,30,5,207.5,36
0.5,3.0,1.5,30,7,290.5,36
0.5,3.0,1.5,30,10,415.0,36
0.5,3.0,2.0,10,3,102.0,36
0.5,3.0,2.0,10,5,170.0,36
0.5,3.0,2.0,10,7,238.0,36
0.5,3.0,2.0,10,10,340.0,36
0.5,3.0,2.0,15,3,102.0,36
0.5,3.0,2.0,15,5,170.0,36
0.5,3.0,2.0,15,7,238.0,36
0.5,3.0,2.0,15,10,340.0,36
0.5,3.0,2.0,20,3,102.0,36
0.5,3.0,2.0,20,5,170.0,36
0.5,3.0,2.0,20,7,238.0,36
0.5,3.0,2.0,20,10,340.0,36
0.5,3.0,2.0,25,3,102.0,36
0.5,3.0,2.0,25,5,170.0,36
0.5,3.0,2.0,25,7,238.0,36
0.5,3.0,2.0,25,10,340.0,36
0.5,3.0,2.0,30,3,102.0,36
0.5,3.0,2.0,30,5,170.0,36
0.5,3.0,2.0,30,7,238.0,36
0.5,3.0,2.0,30,10,340.0,36
0.5,3.0,2.5,10,3,102.0,36
0.5,3.0,2.5,10,5,170.0,36
0.5,3.0,2.5,10,7,238.0,36
0.5,3.0,2.5,10,10,340.0,36
0.5,3.0,2.5,15,3,102.0,36
0.5,3.0,2.5,15,5,170.0,36
0.5,3.0,2.5,15,7,238.0,36
0.5,3.0,2.5,15,10,340.0,36
0.5,3.0,2.5,20,3,102.0,36
0.5,3.0,2.5,20,5,170.0,36
0.5,3.0,2.5,20,7,238.0,36
0.5,3.0,2.5,20,10,340.0,36
0.5,3.0,2.5,25,3,102.0,36
0.5,3.0,2.5,25,5,170.0,36
0.5,3.0,2.5,25,7,238.0,36
0.5,3.0,2.5,25,10,340.0,36
0.5,3.0,2.5,30,3,102.0,36
0.5,3.0,2.5,30,5,170.0,36
0.5,3.0,2.5,30,7,238.0,36
0.5,3.0,2.5,30,10,340.0,36
0.5,4.0,0.5,10,3,111.0,36
0.5,4.0,0.5,10,5,185.0,36
0.5,4.0,0.5,10,7,259.0,36
0.5,4.0,0.5,10,10,370.0,36
0.5,4.0,0.5,15,3,111.0,36
0.5,4.0,0.5,15,5,185.0,36
0.5,4.0,0.5,15,7,259.0,36
0.5,4.0,0.5,15,10,370.0,36
0.5,4.0,0.5,20,3,111.0,36
0.5,4.0,0.5,20,5,185.0,36
0.5,4.0,0.5,20,7,259.0,36
0.5,4.0,0.5,20,10,370.0,36
0.5,4.0,0.5,25,3,111.0,36
0.5,4.0,0.5,25,5,185.0,36
0.5,4.0,0.5,25,7,259.0,36
0.5,4.0,0.5,25,10,370.0,36
0.5,4.0,0.5,30,3,111.0,36
0.5,4.0,0.5,30,5,185.0,36
0.5,4.0,0.5,30,7,259.0,36
0.5,4.0,0.5,30,10,370.0,36
0.5,4.0,1.0,10,3,106.5,36
0.5,4.0,1.0,10,5,177.5,36
0.5,4.0,1.0,10,7,248.5,36
0.5,4.0,1.0,10,10,355.0,36
0.5,4.0,1.0,15,3,106.5,36
0.5,4.0,1.0,15,5,177.5,36
0.5,4.0,1.0,15,7,248.5,36
0.5,4.0,1.0,15,10,355.0,36
0.5,4.0,1.0,20,3,106.5,36
0.5,4.0,1.0,20,5,177.5,36
0.5,4.0,1.0,20,7,248.5,36
0.5,4.0,1.0,20,10,355.0,36
0.5,4.0,1.0,25,3,106.5,36
0.5,4.0,1.0,25,5,177.5,36
0.5,4.0,1.0,25,7,248.5,36
0.5,4.0,1.0,25,10,355.0,36
0.5,4.0,1.0,30,3,106.5,36
0.5,4.0,1.0,30,5,177.5,36
0.5,4.0,1.0,30,7,248.5,36
0.5,4.0,1.0,30,10,355.0,36
0.5,4.0,1.5,10,3,93.0,36
0.5,4.0,1.5,10,5,155.0,36
0.5,4.0,1.5,10,7,217.0,36
0.5,4.0,1.5,10,10,310.0,36
0.5,4.0,1.5,15,3,93.0,36
0.5,4.0,1.5,15,5,155.0,36
0.5,4.0,1.5,15,7,217.0,36
0.5,4.0,1.5,15,10,310.0,36
0.5,4.0,1.5,20,3,93.0,36
0.5,4.0,1.5,20,5,155.0,36
0.5,4.0,1.5,20,7,217.0,36
0.5,4.0,1.5,20,10,310.0,36
0.5,4.0,1.5,25,3,93.0,36
0.5,4.0,1.5,25,5,155.0,36
0.5,4.0,1.5,25,7,217.0,36
0.5,4.0,1.5,25,10,310.0,36
0.5,4.0,1.5,30,3,93.0,36
0.5,4.0,1.5,30,5,155.0,36
0.5,4.0,1.5,30,7,217.0,36
0.5,4.0,1.5,30,10,310.0,36
0.5,4.0,2.0,10,3,67.5,36
0.5,4.0,2.0,10,5,112.5,36
0.5,4.0,2.0,10,7,157.5,36
0.5,4.0,2.0,10,10,225.0,36
0.5,4.0,2.0,15,3,67.5,36
0.5,4.0,2.0,15,5,112.5,36
0.5,4.0,2.0,15,7,157.5,36
0.5,4.0,2.0,15,10,225.0,36
0.5,4.0,2.0,20,3,67.5,36
0.5,4.0,2.0,20,5,112.5,36
0.5,4.0,2.0,20,7,157.5,36
0.5,4.0,2.0,20,10,225.0,36
0.5,4.0,2.0,25,3,67.5,36
0.5,4.0,2.0,25,5,112.5,36
0.5,4.0,2.0,25,7,157.5,36
0.5,4.0,2.0,25,10,225.0,36
0.5,4.0,2.0,30,3,67.5,36
0.5,4.0,2.0,30,5,112.5,36
0.5,4.0,2.0,30,7,157.5,36
0.5,4.0,2.0,30,10,225.0,36
0.5,4.0,2.5,10,3,57.0,36
0.5,4.0,2.5,10,5,95.0,36
0.5,4.0,2.5,10,7,133.0,36
0.5,4.0,2.5,10,10,190.0,36
0.5,4.0,2.5,15,3,57.0,36
0.5,4.0,2.5,15,5,95.0,36
0.5,4.0,2.5,15,7,133.0,36
0.5,4.0,2.5,15,10,190.0,36
0.5,4.0,2.5,20,3,57.0,36
0.5,4.0,2.5,20,5,95.0,36
0.5,4.0,2.5,20,7,133.0,36
0.5,4.0,2.5,20,10,190.0,36
0.5,4.0,2.5,25,3,57.0,36
0.5,4.0,2.5,25,5,95.0,36
0.5,4.0,2.5,25,7,133.0,36
0.5,4.0,2.5,25,10,190.0,36
0.5,4.0,2.5,30,3,57.0,36
0.5,4.0,2.5,30,5,95.0,36
0.5,4.0,2.5,30,7,133.0,36
0.5,4.0,2.5,30,10,190.0,36
0.5,5.0,0.5,10,3,124.5,36
0.5,5.0,0.5,10,5,207.5,36
0.5,5.0,0.5,10,7,290.5,36
0.5,5.0,0.5,10,10,415.0,36
0.5,5.0,0.5,15,3,124.5,36
0.5,5.0,0.5,15,5,207.5,36
0.5,5.0,0.5,15,7,290.5,36
0.5,5.0,0.5,15,10,415.0,36
0.5,5.0,0.5,20,3,124.5,36
0.5,5.0,0.5,20,5,207.5,36
0.5,5.0,0.5,20,7,290.5,36
0.5,5.0,0.5,20,10,415.0,36
0.5,5.0,0.5,25,3,124.5,36
0.5,5.0,0.5,25,5,207.5,36
0.5,5.0,0.5,25,7,290.5,36
0.5,5.0,0.5,25,10,415.0,36
0.5,5.0,0.5,30,3,124.5,36
0.5,5.0,0.5,30,5,207.5,36
0.5,5.0,0.5,30,7,290.5,36
0.5,5.0,0.5,30,10,415.0,36
0.5,5.0,1.0,10,3,120.0,36
0.5,5.0,1.0,10,5,200.0,36
0.5,5.0,1.0,10,7,280.0,36
0.5,5.0,1.0,10,10,400.0,36
0.5,5.0,1.0,15,3,120.0,36
0.5,5.0,1.0,15,5,200.0,36
0.5,5.0,1.0,15,7,280.0,36
0.5,5.0,1.0,15,10,400.0,36
0.5,5.0,1.0,20,3,120.0,36
0.5,5.0,1.0,20,5,200.0,36
0.5,5.0,1.0,20,7,280.0,36
0.5,5.0,1.0,20,10,400.0,36
0.5,5.0,1.0,25,3,120.0,36
0.5,5.0,1.0,25,5,200.0,36
0.5,5.0,1.0,25,7,280.0,36
0.5,5.0,1.0,25,10,400.0,36
0.5,5.0,1.0,30,3,120.0,36
0.5,5.0,1.0,30,5,200.0,36
0.5,5.0,1.0,30,7,280.0,36
0.5,5.0,1.0,30,10,400.0,36
0.5,5.0,1.5,10,3,105.0,36
0.5,5.0,1.5,10,5,175.0,36
0.5,5.0,1.5,10,7,245.0,36
0.5,5.0,1.5,10,10,350.0,36
0.5,5.0,1.5,15,3,105.0,36
0.5,5.0,1.5,15,5,175.0,36
0.5,5.0,1.5,15,7,245.0,36
0.5,5.0,1.5,15,10,350.0,36
0.5,5.0,1.5,20,3,105.0,36
0.5,5.0,1.5,20,5,175.0,36
0.5,5.0,1.5,20,7,245.0,36
0.5,5.0,1.5,20,10,350.0,36
0.5,5.0,1.5,25,3,105.0,36
0.5,5.0,1.5,25,5,175.0,36
0.5,5.0,1.5,25,7,245.0,36
0.5,5.0,1.5,25,10,350.0,36
0.5,5.0,1.5,30,3,105.0,36
0.5,5.0,1.5,30,5,175.0,36
0.5,5.0,1.5,30,7,245.0,36
0.5,5.0,1.5,30,10,350.0,36
0.5,5.0,2.0,10,3,78.0,36
0.5,5.0,2.0,10,5,130.0,36
0.5,5.0,2.0,10,7,182.0,36
0.5,5.0,2.0,10,10,260.0,36
0.5,5.0,2.0,15,3,78.0,36
0.5,5.0,2.0,15,5,130.0,36
0.5,5.0,2.0,15,7,182.0,36
0.5,5.0,2.0,15,10,260.0,36
0.5,5.0,2.0,20,3,78.0,36
0.5,5.0,2.0,20,5,130.0,36
0.5,5.0,2.0,20,7,182.0,36
0.5,5.0,2.0,20,10,260.0,36
0.5,5.0,2.0,25,3,78.0,36
0.5,5.0,2.0,25,5,130.0,36
0.5,5.0,2.0,25,7,182.0,36
0.5,5.0,2.0,25,10,260.0,36
0.5,5.0,2.0,30,3,78.0,36
0.5,5.0,2.0,30,5,130.0,36
0.5,5.0,2.0,30,7,182.0,36
0.5,5.0,2.0,30,10,260.0,36
0.5,5.0,2.5,10,3,66.0,36
0.5,5.0,2.5,10,5,110.0,36
0.5,5.0,2.5,10,7,154.0,36
0.5,5.0,2.5,10,10,220.0,36
0.5,5.0,2.5,15,3,66.0,36
0.5,5.0,2.5,15,5,110.0,36
0.5,5.0,2.5,15,7,154.0,36
0.5,5.0,2.5,15,10,220.0,36
0.5,5.0,2.5,20,3,66.0,36
0.5,5.0,2.5,20,5,110.0,36
0.5,5.0,2.5,20,7,154.0,36
0.5,5.0,2.5,20,10,220.0,36
0.5,5.0,2.5,25,3,66.0,36
0.5,5.0,2.5,25,5,110.0,36
0.5,5.0,2.5,25,7,154.0,36
0.5,5.0,2.5,25,10,220.0,36
0.5,5.0,2.5,30,3,66.0,36
0.5,5.0,2.5,30,5,110.0,36
0.5,5.0,2.5,30,7,154.0,36
0.5,5.0,2.5,30,10,220.0,36
0.6,1.0,0.5,10,3,55.5,18
0.6,1.0,0.5,10,5,92.5,18
0.6,1.0,0.5,10,7,129.5,18
0.6,1.0,0.5,10,10,185.0,18
0.6,1.0,0.5,15,3,55.5,18
0.6,1.0,0.5,15,5,92.5,18
0.6,1.0,0.5,15,7,129.5,18
0.6,1.0,0.5,15,10,185.0,18
0.6,1.0,0.5,20,3,55.5,18
0.6,1.0,0.5,20,5,92.5,18
0.6,1.0,0.5,20,7,129.5,18
0.6,1.0,0.5,20,10,185.0,18
0.6,1.0,0.5,25,3,55.5,18
0.6,1.0,0.5,25,5,92.5,18
0.6,1.0,0.5,25,7,129.5,18
0.6,1.0,0.5,25,10,185.0,18
0.6,1.0,0.5,30,3,55.5,18
0.6,1.0,0.5,30,5,92.5,18
0.6,1.0,0.5,30,7,129.5,18
0.6,1.0,0.5,30,10,185.0,18
0.6,1.0,1.0,10,3,55.5,18
0.6,1.0,1.0,10,5,92.5,18
0.6,1.0,1.0,10,7,129.5,18
0.6,1.0,1.0,10,10,185.0,18
0.6,1.0,1.0,15,3,55.5,18
0.6,1.0,1.0,15,5,92.5,18
0.6,1.0,1.0,15,7,129.5,18
0.6,1.0,1.0,15,10,185.0,18
0.6,1.0,1.0,20,3,55.5,18
0.6,1.0,1.0,20,5,92.5,18
0.6,1.0,1.0,20,7,129.5,18
0.6,1.0,1.0,20,10,185.0,18
0.6,1.0,1.0,25,3,55.5,18
0.6,1.0,1.0,25,5,92.5,18
0.6,1.0,1.0,25,7,129.5,18
0.6,1.0,1.0,25,10,185.0,18
0.6,1.0,1.0,30,3,55.5,18
0.6,1.0,1.0,30,5,92.5,18
0.6,1.0,1.0,30,7,129.5,18
0.6,1.0,1.0,30,10,185.0,18
0.6,1.0,1.5,10,3,54.0,18
0.6,1.0,1.5,10,5,90.0,18
0.6,1.0,1.5,10,7,126.0,18
0.6,1.0,1.5,10,10,180.0,18
0.6,1.0,1.5,15,3,54.0,18
0.6,1.0,1.5,15,5,90.0,18
0.6,1.0,1.5,15,7,126.0,18
0.6,1.0,1.5,15,10,180.0,18
0.6,1.0,1.5,20,3,54.0,18
0.6,1.0,1.5,20,5,90.0,18
0.6,1.0,1.5,20,7,126.0,18
0.6,1.0,1.5,20,10,180.0,18
0.6,1.0,1.5,25,3,54.0,18
0.6,1.0,1.5,25,5,90.0,18
0.6,1.0,1.5,25,7,126.0,18
0.6,1.0,1.5,25,10,180.0,18
0.6,1.0,1.5,30,3,54.0,18
0.6,1.0,1.5,30,5,90.0,18
0.6,1.0,1.5,30,7,126.0,18
0.6,1.0,1.5,30,10,180.0,18
0.6,1.0,2.0,10,3,51.0,18
0.6,1.0,2.0,10,5,85.0,18
0.6,1.0,2.0,10,7,119.0,18
0.6,1.0,2.0,10,10,170.0,18
0.6,1.0,2.0,15,3,51.0,18
0.6,1.0,2.0,15,5,85.0,18
0.6,1.0,2.0,15,7,119.0,18
0.6,1.0,2.0,15,10,170.0,18
0.6,1.0,2.0,20,3,51.0,18
0.6,1.0,2.0,20,5,85.0,18
0.6,1.0,2.0,20,7,119.0,18
0.6,1.0,2.0,20,10,170.0,18
0.6,1.0,2.0,25,3,51.0,18
0.6,1.0,2.0,25,5,85.0,18
0.6,1.0,2.0,25,7,119.0,18
0.6,1.0,2.0,25,10,170.0,18
0.6,1.0,2.0,30,3,51.0,18
0.6,1.0,2.0,30,5,85.0,18
0.6,1.0,2.0,30,7,119.0,18
0.6,1.0,2.0,30,10,170.0,18
0.6,1.0,2.5,10,3,51.0,18
0.6,1.0,2.5,10,5,85.0,18
0.6,1.0,2.5,10,7,119.0,18
0.6,1.0,2.5,10,10,170.0,18
0.6,1.0,2.5,15,3,51.0,18
0.6,1.0,2.5,15,5,85.0,18
0.6,1.0,2.5,15,7,119.0,18
0.6,1.0,2.5,15,10,170.0,18
0.6,1.0,2.5,20,3,51.0,18
0.6,1.0,2.5,20,5,85.0,18
0.6,1.0,2.5,20,7,119.0,18
0.6,1.0,2.5,20,10,170.0,18
0.6,1.0,2.5,25,3,51.0,18
0.6,1.0,2.5,25,5,85.0,18
0.6,1.0,2.5,25,7,119.0,18
0.6,1.0,2.5,25,10,170.0,18
0.6,1.0,2.5,30,3,51.0,18
0.6,1.0,2.5,30,5,85.0,18
0.6,1.0,2.5,30,7,119.0,18
0.6,1.0,2.5,30,10,170.0,18
0.6,2.0,0.5,10,3,58.5,18
0.6,2.0,0.5,10,5,97.5,18
0.6,2.0,0.5,10,7,136.5,18
0.6,2.0,0.5,10,10,195.0,18
0.6,2.0,0.5,15,3,58.5,18
0.6,2.0,0.5,15,5,97.5,18
0.6,2.0,0.5,15,7,136.5,18
0.6,2.0,0.5,15,10,195.0,18
0.6,2.0,0.5,20,3,58.5,18
0.6,2.0,0.5,20,5,97.5,18
0.6,2.0,0.5,20,7,136.5,18
0.6,2.0,0.5,20,10,195.0,18
0.6,2.0,0.5,25,3,58.5,18
0.6,2.0,0.5,25,5,97.5,18
0.6,2.0,0.5,25,7,136.5,18
0.6,2.0,0.5,25,10,195.0,18
0.6,2.0,0.5,30,3,58.5,18
0.6,2.0,0.5,30,5,97.5,18
0.6,2.0,0.5,30,7,136.5,18
0.6,2.0,0.5,30,10,195.0,18
0.6,2.0,1.0,10,3,58.5,18
0.6,2.0,1.0,10,5,97.5,18
0.6,2.0,1.0,10,7,136.5,18
0.6,2.0,1.0,10,10,195.0,18
0.6,2.0,1.0,15,3,58.5,18
0.6,2.0,1.0,15,5,97.5,18
0.6,2.0,1.0,15,7,136.5,18
0.6,2.0,1.0,15,10,195.0,18
0.6,2.0,1.0,20,3,58.5,18
0.6,2.0,1.0,20,5,97.5,18
0.6,2.0,1.0,20,7,136.5,18
0.6,2.0,1.0,20,10,195.0,18
0.6,2.0,1.0,25,3,58.5,18
0.6,2.0,1.0,25,5,97.5,18
0.6,2.0,1.0,25,7,136.5,18
0.6,2.0,1.0,25,10,195.0,18
0.6,2.0,1.0,30,3,58.5,18
0.6,2.0,1.0,30,5,97.5,18
0.6,2.0,1.0,30,7,136.5,18
0.6,2.0,1.0,30,10,195.0,18
0.6,2.0,1.5,10,3,57.0,18
0.6,2.0,1.5,10,5,95.0,18
0.6,2.0,1.5,10,7,133.0,18
0.6,2.0,1.5,10,10,190.0,18
0.6,2.0,1.5,15,3,57.0,18
0.6,2.0,1.5,15,5,95.0,18
0.6,2.0,1.5,15,7,133.0,18
0.6,2.0,1.5,15,10,190.0,18
0.6,2.0,1.5,20,3,57.0,18
0.6,2.0,1.5,20,5,95.0,18
0.6,2.0,1.5,20,7,133.0,18
0.6,2.0,1.5,20,10,190.0,18
0.6,2.0,1.5,25,3,57.0,18
0.6,2.0,1.5,25,5,95.0,18
0.6,2.0,1.5,25,7,133.0,18
0.6,2.0,1.5,25,10,190.0,18
0.6,2.0,1.5,30,3,57.0,18
0.6,2.0,1.5,30,5,95.0,18
0.6,2.0,1.5,30,7,133.0,18
0.6,2.0,1.5,30,10,190.0,18
0.6,2.0,2.0,10,3,54.0,18
0.6,2.0,2.0,10,5,90.0,18
0.6,2.0,2.0,10,7,126.0,18
0.6,2.0,2.0,10,10,180.0,18
0.6,2.0,2.0,15,3,54.0,18
0.6,2.0,2.0,15,5,90.0,18
0.6,2.0,2.0,15,7,126.0,18
0.6,2.0,2.0,15,10,180.0,18
0.6,2.0,2.0,20,3,54.0,18
0.6,2.0,2.0,20,5,90.0,18
0.6,2.0,2.0,20,7,126.0,18
0.6,2.0,2.0,20,10,180.0,18
0.6,2.0,2.0,25,3,54.0,18
0.6,2.0,2.0,25,5,90.0,18
0.6,2.0,2.0,25,7,126.0,18
0.6,2.0,2.0,25,10,180.0,18
0.6,2.0,2.0,30,3,54.0,18
0.6,2.0,2.0,30,5,90.0,18
0.6,2.0,2.0,30,7,126.0,18
0.6,2.0,2.0,30,10,180.0,18
0.6,2.0,2.5,10,3,54.0,18
0.6,2.0,2.5,10,5,90.0,18
0.6,2.0,2.5,10,7,126.0,18
0.6,2.0,2.5,10,10,180.0,18
0.6,2.0,2.5,15,3,54.0,18
0.6,2.0,2.5,15,5,90.0,18
0.6,2.0,2.5,15,7,126.0,18
0.6,2.0,2.5,15,10,180.0,18
0.6,2.0,2.5,20,3,54.0,18
0.6,2.0,2.5,20,5,90.0,18
0.6,2.0,2.5,20,7,126.0,18
0.6,2.0,2.5,20,10,180.0,18
0.6,2.0,2.5,25,3,54.0,18
0.6,2.0,2.5,25,5,90.0,18
0.6,2.0,2.5,25,7,126.0,18
0.6,2.0,2.5,25,10,180.0,18
0.6,2.0,2.5,30,3,54.0,18
0.6,2.0,2.5,30,5,90.0,18
0.6,2.0,2.5,30,7,126.0,18
0.6,2.0,2.5,30,10,180.0,18
0.6,3.0,0.5,10,3,79.5,18
0.6,3.0,0.5,10,5,132.5,18
0.6,3.0,0.5,10,7,185.5,18
0.6,3.0,0.5,10,10,265.0,18
0.6,3.0,0.5,15,3,79.5,18
0.6,3.0,0.5,15,5,132.5,18
0.6,3.0,0.5,15,7,185.5,18
0.6,3.0,0.5,15,10,265.0,18
0.6,3.0,0.5,20,3,79.5,18
0.6,3.0,0.5,20,5,132.5,18
0.6,3.0,0.5,20,7,185.5,18
0.6,3.0,0.5,20,10,265.0,18
0.6,3.0,0.5,25,3,79.5,18
0.6,3.0,0.5,25,5,132.5,18
0.6,3.0,0.5,25,7,185.5,18
0.6,3.0,0.5,25,10,265.0,18
0.6,3.0,0.5,30,3,79.5,18
0.6,3.0,0.5,30,5,132.5,18
0.6,3.0,0.5,30,7,185.5,18
0.6,3.0,0.5,30,10,265.0,18
0.6,3.0,1.0,10,3,79.5,18
0.6,3.0,1.0,10,5,132.5,18
0.6,3.0,1.0,10,7,185.5,18
0.6,3.0,1.0,10,10,265.0,18
0.6,3.0,1.0,15,3,79.5,18
0.6,3.0,1.0,15,5,132.5,18
0.6,3.0,1.0,15,7,185.5,18
0.6,3.0,1.0,15,10,265.0,18
0.6,3.0,1.0,20,3,79.5,18
0.6,3.0,1.0,20,5,132.5,18
0.6,3.0,1.0,20,7,185.5,18
0.6,3.0,1.0,20,10,265.0,18
0.6,3.0,1.0,25,3,79.5,18
0.6,3.0,1.0,25,5,132.5,18
0.6,3.0,1.0,25,7,185.5,18
0.6,3.0,1.0,25,10,265.0,18
0.6,3.0,1.0,30,3,79.5,18
0.6,3.0,1.0,30,5,132.5,18
0.6,3.0,1.0,30,7,185.5,18
0.6,3.0,1.0,30,10,265.0,18
0.6,3.0,1.5,10,3,78.0,18
0.6,3.0,1.5,10,5,130.0,18
0.6,3.0,1.5,10,7,182.0,18
0.6,3.0,1.5,10,10,260.0,18
0.6,3.0,1.5,15,3,78.0,18
0.6,3.0,1.5,15,5,130.0,18
0.6,3.0,1.5,15,7,182.0,18
0.6,3.0,1.5,15,10,260.0,18
0.6,3.0,1.5,20,3,78.0,18
0.6,3.0,1.5,20,5,130.0,18
0.6,3.0,1.5,20,7,182.0,18
0.6,3.0,1.5,20,10,260.0,18
0.6,3.0,1.5,25,3,78.0,18
0.6,3.0,1.5,25,5,130.0,18
0.6,3.0,1.5,25,7,182.0,18
0.6,3.0,1.5,25,10,260.0,18
0.6,3.0,1.5,30,3,78.0,18
0.6,3.0,1.5,30,5,130.0,18
0.6,3.0,1.5,30,7,182.0,18
0.6,3.0,1.5,30,10,260.0,18
0.6,3.0,2.0,10,3,75.0,18
0.6,3.0,2.0,10,5,125.0,18
0.6,3.0,2.0,10,7,175.0,18
0.6,3.0,2.0,10,10,250.0,18
0.6,3.0,2.0,15,3,75.0,18
0.6,3.0,2.0,15,5,125.0,18
0.6,3.0,2.0,15,7,175.0,18
0.6,3.0,2.0,15,10,250.0,18
0.6,3.0,2.0,20,3,75.0,18
0.6,3.0,2.0,20,5,125.0,18
0.6,3.0,2.0,20,7,175.0,18
0.6,3.0,2.0,20,10,250.0,18
0.6,3.0,2.0,25,3,75.0,18
0.6,3.0,2.0,25,5,125.0,18
0.6,3.0,2.0,25,7,175.0,18
0.6,3.0,2.0,25,10,250.0,18
0.6,3.0,2.0,30,3,75.0,18
0.6,3.0,2.0,30,5,125.0,18
0.6,3.0,2.0,30,7,175.0,18
0.6,3.0,2.0,30,10,250.0,18
0.6,3.0,2.5,10,3,75.0,18
0.6,3.0,2.5,10,5,125.0,18
0.6,3.0,2.5,10,7,175.0,18
0.6,3.0,2.5,10,10,250.0,18
0.6,3.0,2.5,15,3,75.0,18
0.6,3.0,2.5,15,5,125.0,18
0.6,3.0,2.5,15,7,175.0,18
0.6,3.0,2.5,15,10,250.0,18
0.6,3.0,2.5,20,3,75.0,18
0.6,3.0,2.5,20,5,125.0,18
0.6,3.0,2.5,20,7,175.0,18
0.6,3.0,2.5,20,10,250.0,18
0.6,3.0,2.5,25,3,75.0,18
0.6,3.0,2.5,25,5,125.0,18
0.6,3.0,2.5,25,7,175.0,18
0.6,3.0,2.5,25,10,250.0,18
0.6,3.0,2.5,30,3,75.0,18
0.6,3.0,2.5,30,5,125.0,18
0.6,3.0,2.5,30,7,175.0,18
0.6,3.0,2.5,30,10,250.0,18
0.6,4.0,0.5,10,3,64.5,18
0.6,4.0,0.5,10,5,107.5,18
0.6,4.0,0.5,10,7,150.5,18
0.6,4.0,0.5,10,10,215.0,18
0.6,4.0,0.5,15,3,64.5,18
0.6,4.0,0.5,15,5,107.5,18
0.6,4.0,0.5,15,7,150.5,18
0.6,4.0,0.5,15,10,215.0,18
0.6,4.0,0.5,20,3,64.5,18
0.6,4.0,0.5,20,5,107.5,18
0.6,4.0,0.5,20,7,150.5,18
0.6,4.0,0.5,20,10,215.0,18
0.6,4.0,0.5,25,3,64.5,18
0.6,4.0,0.5,25,5,107.5,18
0.6,4.0,0.5,25,7,150.5,18
0.6,4.0,0.5,25,10,215.0,18
0.6,4.0,0.5,30,3,64.5,18
0.6,4.0,0.5,30,5,107.5,18
0.6,4.0,0.5,30,7,150.5,18
0.6,4.0,0.5,30,10,215.0,18
0.6,4.0,1.0,10,3,64.5,18
0.6,4.0,1.0,10,5,107.5,18
0.6,4.0,1.0,10,7,150.5,18
0.6,4.0,1.0,10,10,215.0,18
0.6,4.0,1.0,15,3,64.5,18
0.6,4.0,1.0,15,5,107.5,18
0.6,4.0,1.0,15,7,150.5,18
0.6,4.0,1.0,15,10,215.0,18
0.6,4.0,1.0,20,3,64.5,18
0.6,4.0,1.0,20,5,107.5,18
0.6,4.0,1.0,20,7,150.5,18
0.6,4.0,1.0,20,10,215.0,18
0.6,4.0,1.0,25,3,64.5,18
0.6,4.0,1.0,25,5,107.5,18
0.6,4.0,1.0,25,7,150.5,18
0.6,4.0,1.0,25,10,215.0,18
0.6,4.0,1.0,30,3,64.5,18
0.6,4.0,1.0,30,5,107.5,18
0.6,4.0,1.0,30,7,150.5,18
0.6,4.0,1.0,30,10,215.0,18
0.6,4.0,1.5,10,3,58.5,18
0.6,4.0,1.5,10,5,97.5,18
0.6,4.0,1.5,10,7,136.5,18
0.6,4.0,1.5,10,10,195.0,18
0.6,4.0,1.5,15,3,58.5,18
0.6,4.0,1.5,15,5,97.5,18
0.6,4.0,1.5,15,7,136.5,18
0.6,4.0,1.5,15,10,195.0,18
0.6,4.0,1.5,20,3,58.5,18
0.6,4.0,1.5,20,5,97.5,18
0.6,4.0,1.5,20,7,136.5,18
0.6,4.0,1.5,20,10,195.0,18
0.6,4.0,1.5,25,3,58.5,18
0.6,4.0,1.5,25,5,97.5,18
0.6,4.0,1.5,25,7,136.5,18
0.6,4.0,1.5,25,10,195.0,18
0.6,4.0,1.5,30,3,58.5,18
0.6,4.0,1.5,30,5,97.5,18
0.6,4.0,1.5,30,7,136.5,18
0.6,4.0,1.5,30,10,195.0,18
0.6,4.0,2.0,10,3,52.5,18
0.6,4.0,2.0,10,5,87.5,18
0.6,4.0,2.0,10,7,122.5,18
0.6,4.0,2.0,10,10,175.0,18
0.6,4.0,2.0,15,3,52.5,18
0.6,4.0,2.0,15,5,87.5,18
0.6,4.0,2.0,15,7,122.5,18
0.6,4.0,2.0,15,10,175.0,18
0.6,4.0,2.0,20,3,52.5,18
0.6,4.0,2.0,20,5,87.5,18
0.6,4.0,2.0,20,7,122.5,18
0.6,4.0,2.0,20,10,175.0,18
0.6,4.0,2.0,25,3,52.5,18
0.6,4.0,2.0,25,5,87.5,18
0.6,4.0,2.0,25,7,122.5,18
0.6,4.0,2.0,25,10,175.0,18
0.6,4.0,2.0,30,3,52.5,18
0.6,4.0,2.0,30,5,87.5,18
0.6,4.0,2.0,30,7,122.5,18
0.6,4.0,2.0,30,10,175.0,18
0.6,4.0,2.5,10,3,52.5,18
0.6,4.0,2.5,10,5,87.5,18
0.6,4.0,2.5,10,7,122.5,18
0.6,4.0,2.5,10,10,175.0,18
0.6,4.0,2.5,15,3,52.5,18
0.6,4.0,2.5,15,5,87.5,18
0.6,4.0,2.5,15,7,122.5,18
0.6,4.0,2.5,15,10,175.0,18
0.6,4.0,2.5,20,3,52.5,18
0.6,4.0,2.5,20,5,87.5,18
0.6,4.0,2.5,20,7,122.5,18
0.6,4.0,2.5,20,10,175.0,18
0.6,4.0,2.5,25,3,52.5,18
0.6,4.0,2.5,25,5,87.5,18
0.6,4.0,2.5,25,7,122.5,18
0.6,4.0,2.5,25,10,175.0,18
0.6,4.0,2.5,30,3,52.5,18
0.6,4.0,2.5,30,5,87.5,18
0.6,4.0,2.5,30,7,122.5,18
0.6,4.0,2.5,30,10,175.0,18
0.6,5.0,0.5,10,3,91.5,18
0.6,5.0,0.5,10,5,152.5,18
0.6,5.0,0.5,10,7,213.5,18
0.6,5.0,0.5,10,10,305.0,18
0.6,5.0,0.5,15,3,91.5,18
0.6,5.0,0.5,15,5,152.5,18
0.6,5.0,0.5,15,7,213.5,18
0.6,5.0,0.5,15,10,305.0,18
0.6,5.0,0.5,20,3,91.5,18
0.6,5.0,0.5,20,5,152.5,18
0.6,5.0,0.5,20,7,213.5,18
0.6,5.0,0.5,20,10,305.0,18
0.6,5.0,0.5,25,3,91.5,18
0.6,5.0,0.5,25,5,152.5,18
0.6,5.0,0.5,25,7,213.5,18
0.6,5.0,0.5,25,10,305.0,18
0.6,5.0,0.5,30,3,91.5,18
0.6,5.0,0.5,30,5,152.5,18
0.6,5.0,0.5,30,7,213.5,18
0.6,5.0,0.5,30,10,305.0,18
0.6,5.0,1.0,10,3,91.5,18
0.6,5.0,1.0,10,5,152.5,18
0.6,5.0,1.0,10,7,213.5,18
0.6,5.0,1.0,10,10,305.0,18
0.6,5.0,1.0,15,3,91.5,18
0.6,5.0,1.0,15,5,152.5,18
0.6,5.0,1.0,15,7,213.5,18
0.6,5.0,1.0,15,10,305.0,18
0.6,5.0,1.0,20,3,91.5,18
0.6,5.0,1.0,20,5,152.5,18
0.6,5.0,1.0,20,7,213.5,18
0.6,5.0,1.0,20,10,305.0,18
0.6,5.0,1.0,25,3,91.5,18
0.6,5.0,1.0,25,5,152.5,18
0.6,5.0,1.0,25,7,213.5,18
0.6,5.0,1.0,25,10,305.0,18
0.6,5.0,1.0,30,3,91.5,18
0.6,5.0,1.0,30,5,152.5,18
0.6,5.0,1.0,30,7,213.5,18
0.6,5.0,1.0,30,10,305.0,18
0.6,5.0,1.5,10,3,85.5,18
0.6,5.0,1.5,10,5,142.5,18
0.6,5.0,1.5,10,7,199.5,18
0.6,5.0,1.5,10,10,285.0,18
0.6,5.0,1.5,15,3,85.5,18
0.6,5.0,1.5,15,5,142.5,18
0.6,5.0,1.5,15,7,199.5,18
0.6,5.0,1.5,15,10,285.0,18
0.6,5.0,1.5,20,3,85.5,18
0.6,5.0,1.5,20,5,142.5,18
0.6,5.0,1.5,20,7,199.5,18
0.6,5.0,1.5,20,10,285.0,18
0.6,5.0,1.5,25,3,85.5,18
0.6,5.0,1.5,25,5,142.5,18
0.6,5.0,1.5,25,7,199.5,18
0.6,5.0,1.5,25,10,285.0,18
0.6,5.0,1.5,30,3,85.5,18
0.6,5.0,1.5,30,5,142.5,18
0.6,5.0,1.5,30,7,199.5,18
0.6,5.0,1.5,30,10,285.0,18
0.6,5.0,2.0,10,3,79.5,18
0.6,5.0,2.0,10,5,132.5,18
0.6,5.0,2.0,10,7,185.5,18
0.6,5.0,2.0,10,10,265.0,18
0.6,5.0,2.0,15,3,79.5,18
0.6,5.0,2.0,15,5,132.5,18
0.6,5.0,2.0,15,7,185.5,18
0.6,5.0,2.0,15,10,265.0,18
0.6,5.0,2.0,20,3,79.5,18
0.6,5.0,2.0,20,5,132.5,18
0.6,5.0,2.0,20,7,185.5,18
0.6,5.0,2.0,20,10,265.0,18
0.6,5.0,2.0,25,3,79.5,18
0.6,5.0,2.0,25,5,132.5,18
0.6,5.0,2.0,25,7,185.5,18
0.6,5.0,2.0,25,10,265.0,18
0.6,5.0,2.0,30,3,79.5,18
0.6,5.0,2.0,30,5,132.5,18
0.6,5.0,2.0,30,7,185.5,18
0.6,5.0,2.0,30,10,265.0,18
0.6,5.0,2.5,10,3,79.5,18
0.6,5.0,2.5,10,5,132.5,18
0.6,5.0,2.5,10,7,185.5,18
0.6,5.0,2.5,10,10,265.0,18
0.6,5.0,2.5,15,3,79.5,18
0.6,5.0,2.5,15,5,132.5,18
0.6,5.0,2.5,15,7,185.5,18
0.6,5.0,2.5,15,10,265.0,18
0.6,5.0,2.5,20,3,79.5,18
0.6,5.0,2.5,20,5,132.5,18
0.6,5.0,2.5,20,7,185.5,18
0.6,5.0,2.5,20,10,265.0,18
0.6,5.0,2.5,25,3,79.5,18
0.6,5.0,2.5,25,5,132.5,18
0.6,5.0,2.5,25,7,185.5,18
0.6,5.0,2.5,25,10,265.0,18
0.6,5.0,2.5,30,3,79.5,18
0.6,5.0,2.5,30,5,132.5,18
0.6,5.0,2.5,30,7,185.5,18
0.6,5.0,2.5,30,10,265.0,18
